ID,Collection,Sample type,Short name for contribution,Sampling date,Analysis date,Instrument setup used,Monitored City,Monitored country,Latitude,Longitude,Name of surface water (river/estuary/lake/reservoir/sea),Sediment Fraction,Origin of Sediment,Sediment Type,River basin name,Proxy pressures,Type of sampling depth,Distance from the river source (km),Depth (m),Sludge total organic carbon (% of total dry weight),matrix,Alive or not,Basis of measurement,Biota species name (in Latin),Fat content (% of total wet matter),"Name of river, estuary, lake, reservoir, sea",Number of orgnanisms,Origin of biota,Size (mm),Species group,Tissue,Water content(%),Weight (kg),field_country
19212,CONNECT I+II LC,Blank Sample,Procedural Blank CONNECT 36-37,"Sat, 08/01/2020 - 22:00","Sat, 06/27/2020 - 22:00",11,Cuxhaven,Germany,53.888617,8.705093,,(Whole) Fraction < 2mm,,,,,Surface sampling,,0.12,,sediment,,,,,,,,,,,,,
19213,CONNECT I+II LC,Blank Sample,Procedural Blank CONNECT 36-37,"Sat, 08/01/2020 - 22:00","Sat, 06/27/2020 - 22:00",10,Cuxhaven,Germany,53.888617,8.705093,,(Whole) Fraction < 2mm,,,,,Surface sampling,,0.12,,sediment,,,,,,,,,,,,,
19214,CONNECT I+II LC,Blank Sample,Procedural Blank CONNECT 38-46,"Sat, 08/01/2020 - 22:00","Sat, 06/27/2020 - 22:00",11,Amsterdam,Netherlands,53.888617,8.705093,,(Whole) Fraction < 2mm,,,,,Surface sampling,,0.1,,sediment,,,,,,,,,,,,,
19215,CONNECT I+II LC,Blank Sample,Procedural Blank CONNECT 38-46,"Sat, 08/01/2020 - 22:00","Sat, 06/27/2020 - 22:00",10,Amsterdam,Netherlands,53.888617,8.705093,,(Whole) Fraction < 2mm,,,,,Surface sampling,,0.1,,sediment,,,,,,,,,,,,,
19216,CONNECT I+II LC,Real Sample,CONNECT 33 Sediment silt from Cuxhaven,"Sat, 08/15/2020 - 22:00","Sat, 07/11/2020 - 22:00",11,Cuxhaven,Germany,54.05,7.966667,North Sea,(Whole) Fraction < 2mm,,,North Sea,,Spot sampling,,1.0,,sediment,,,,,,,,,,,,,
19217,CONNECT I+II LC,Real Sample,CONNECT 33 Sediment silt from Cuxhaven,"Sat, 08/15/2020 - 22:00","Sat, 07/11/2020 - 22:00",10,Cuxhaven,Germany,54.05,7.966667,North Sea,(Whole) Fraction < 2mm,,,North Sea,,Spot sampling,,1.0,,sediment,,,,,,,,,,,,,
19218,CONNECT I+II LC,Real Sample,CONNECT 34 Sediment sandy silt from Cuxhaven,"Wed, 08/12/2020 - 22:00","Wed, 07/08/2020 - 22:00",11,Cuxhaven,Germany,54.833333,6.583333,North Sea,(Whole) Fraction < 2mm,,,North Sea,,Spot sampling,,1.0,,sediment,,,,,,,,,,,,,
19219,CONNECT I+II LC,Real Sample,CONNECT 34 Sediment sandy silt from Cuxhaven,"Wed, 08/12/2020 - 22:00","Wed, 07/08/2020 - 22:00",10,Cuxhaven,Germany,54.833333,6.583333,North Sea,(Whole) Fraction < 2mm,,,North Sea,,Spot sampling,,1.0,,sediment,,,,,,,,,,,,,
23211,CONNECT I+II LC,Blank Sample,Blank sediment for CONnECTII,"Tue, 05/23/2023 - 00:00","Fri, 10/20/2023 - 00:00",10,De Haan,,51.3,3.21,,(Whole) Fraction < 2mm,,,,,Spot sampling,,,,sediment,,,,,,,,,,,,,
23213,CONNECT I+II LC,Real Sample,CONnECTII 01 Sediment from Firth of Forth in Scotland,"Thu, 12/01/2022 - 00:00","Fri, 10/20/2023 - 00:00",10,Edinburgh,,56.0115,-3.504333,,(Whole) Fraction < 2mm,,,,,Spot sampling,,,,sediment,,,,,,,,,,,,,
23271,CONNECT I+II LC,Real Sample,CONnECTII 08 Sediment from W01 in Belgium,"Tue, 05/23/2023 - 00:00","Fri, 10/20/2023 - 00:00",10,Zeebrugge,,51.375,3.18917,,(Whole) Fraction < 2mm,,Sediment-River water,,,Surface sampling,,,,sediment,,,,,,,,,,,,,
23273,CONNECT I+II LC,Real Sample,CONnECTII 11 Sediment from Kilkieran in Ireland,"Tue, 06/11/2019 - 00:00","Fri, 10/20/2023 - 00:00",10,Kilkieran,,53.325049,-9.733034,,(Whole) Fraction < 2mm,,Sediment-River water,,,Spot sampling,,,,sediment,,,,,,,,,,,,,
23275,CONNECT I+II LC,Real Sample,CONnECTII 12 Sediment from Limerick Dock in Ireland,"Thu, 10/24/2019 - 00:00","Fri, 10/20/2023 - 00:00",10,Limerick,,52.660734,-8.640242,,(Whole) Fraction < 2mm,,Sediment-River water,,,Spot sampling,,,,sediment,,,,,,,,,,,,,
23276,CONNECT I+II LC,Real Sample,CONnECTII 13 Sediment from Vigo Estuary in Spain,"Fri, 04/01/2022 - 00:00","Fri, 10/20/2023 - 00:00",10,Vigo,,42.25416667,-8.74388889,,(Whole) Fraction < 2mm,,Sediment-River water,,,Spot sampling,,,,sediment,,,,,,,,,,,,,
23277,CONNECT I+II LC,Real Sample,CONnECTII 14 Sediment from Gulf of Cadiz in Spain,"Tue, 10/01/2019 - 00:00","Fri, 10/20/2023 - 00:00",10,Huelva,,37.15,-6.85444444,,(Whole) Fraction < 2mm,,Sediment-River water,,,Spot sampling,,,,sediment,,,,,,,,,,,,,
23278,CONNECT I+II LC,Blank Sample,Blank sediment for CONnECTII,"Tue, 05/23/2023 - 12:00","Fri, 10/20/2023 - 00:00",11,De Haan,,51.3,3.21,,(Whole) Fraction < 2mm,,Sediment-River water,,,Spot sampling,,,,sediment,,,,,,,,,,,,,
23280,CONNECT I+II LC,Real Sample,CONnECTII 01 Sediment from Firth of Forth in Scotland,"Thu, 12/01/2022 - 00:00","Fri, 10/20/2023 - 00:00",11,Edinburgh,,56.0115,-3.50433333,,(Whole) Fraction < 2mm,,Sediment-River water,,,Spot sampling,,,,sediment,,,,,,,,,,,,,
23287,CONNECT I+II LC,Real Sample,CONnECTII 08 Sediment from W01 in Belgium,"Tue, 05/23/2023 - 12:00","Fri, 10/20/2023 - 12:00",11,Zeebrugge,,51.375,3.18917,,(Whole) Fraction < 2mm,,Sediment-River water,,,Spot sampling,,,,sediment,,,,,,,,,,,,,
23289,CONNECT I+II LC,Real Sample,CONnECTII 11 Sediment from Kilkieran in Ireland,"Wed, 11/06/2019 - 12:00","Fri, 10/20/2023 - 12:00",11,Kilkieran,,53.325049,-9.733034,,(Whole) Fraction < 2mm,,Sediment-River water,,,Spot sampling,,,,sediment,,,,,,,,,,,,,
23291,CONNECT I+II LC,Real Sample,CONnECTII 12 Sediment from Limerick Dock in Ireland,"Thu, 10/24/2019 - 12:00","Fri, 10/20/2023 - 12:00",11,Limerick,,52.660734,-8.640242,,(Whole) Fraction < 2mm,,Sediment-River water,,,Spot sampling,,,,sediment,,,,,,,,,,,,,
23292,CONNECT I+II LC,Real Sample,CONnECTII 13 Sediment from Vigo Estuary in Spain,"Fri, 04/01/2022 - 12:00","Fri, 10/20/2023 - 12:00",11,Vigo,,42.25416667,-8.74388889,,(Whole) Fraction < 2mm,,Sediment-River water,,,Spot sampling,,,,sediment,,,,,,,,,,,,,
23293,CONNECT I+II LC,Real Sample,CONnECTII 14 Sediment from Gulf of Cadiz in Spain,"Tue, 10/01/2019 - 12:00","Fri, 10/20/2023 - 12:00",11,Huelva,,37.15,-6.85444444,,(Whole) Fraction < 2mm,,Sediment-River water,,,Spot sampling,,,,sediment,,,,,,,,,,,,,
19220,CONNECT I+II LC,Real Sample,CONNECT 35 Mytilus edulis from Villerville,"Sat, 04/03/2021 - 22:00","Sat, 02/27/2021 - 22:00",LC-Bruker maXis QTOF: Submission #11,Villerville,France,49.416802,0.103191,,,,,English Channel,,,,,,biota,1,Wet weight,Mytilus edulis,,English Channel,,Coastal region,,Molluscs (22488),Muscle,78.6,,France
19221,CONNECT I+II LC,Real Sample,CONNECT 35 Mytilus edulis from Villerville,"Sat, 04/03/2021 - 22:00","Sat, 02/27/2021 - 22:00",LC-Bruker maXis QTOF: Submission #10,Villerville,France,49.416802,0.103191,,,,,English Channel,,,,,,biota,1,Wet weight,Mytilus edulis,,English Channel,,Coastal region,,Molluscs (22488),Muscle,78.6,,France
19222,CONNECT I+II LC,Real Sample,CONNECT 36 Mytilus edulis from Chausey,"Sun, 02/28/2021 - 22:00","Sun, 01/24/2021 - 22:00",LC-Bruker maXis QTOF: Submission #11,Chausey,France,48.890261,-1.843798,,,,,English Channel,,,,,,biota,1,Wet weight,Mytilus edulis,,English Channel,,Coastal region,,Molluscs (22488),Muscle,82.3,,France
19223,CONNECT I+II LC,Real Sample,CONNECT 36 Mytilus edulis from Chausey,"Sun, 02/28/2021 - 22:00","Sun, 01/24/2021 - 22:00",LC-Bruker maXis QTOF: Submission #10,Chausey,France,48.890261,-1.843798,,,,,English Channel,,,,,,biota,1,Wet weight,Mytilus edulis,,English Channel,,Coastal region,,Molluscs (22488),Muscle,82.3,,France
19224,CONNECT I+II LC,Real Sample,CONNECT 37 Mytilus Galloprovincialis from Carteau,"Mon, 03/01/2021 - 22:00","Mon, 01/25/2021 - 22:00",LC-Bruker maXis QTOF: Submission #11,Carteau,France,43.324639,4.811751,,,,,Mediterranean sea,,,,,,biota,1,Wet weight,Mytilus Galloprovincialis,,Mediterranean sea,,Coastal region,,Molluscs (22488),Muscle,84.2,,France
19225,CONNECT I+II LC,Real Sample,CONNECT 37 Mytilus Galloprovincialis from Carteau,"Mon, 03/01/2021 - 22:00","Mon, 01/25/2021 - 22:00",LC-Bruker maXis QTOF: Submission #10,Carteau,France,43.324639,4.811751,,,,,Mediterranean sea,,,,,,biota,1,Wet weight,Mytilus Galloprovincialis,,Mediterranean sea,,Coastal region,,Molluscs (22488),Muscle,84.2,,France
19226,CONNECT I+II LC,Real Sample,CONNECT 38 Platichthys flesus from the Netherlands,"Wed, 08/12/2020 - 22:00","Wed, 07/08/2020 - 22:00",LC-Bruker maXis QTOF: Submission #11,Amsterdam,Netherlands,52.799948,4.573844,,,,,North Sea,,,,,,biota,1,Wet weight,Platichthys flesus,,North Sea,,Coastal region,,Molluscs (22488),Muscle,78.0,,Netherlands
19227,CONNECT I+II LC,Real Sample,CONNECT 38 Platichthys flesus from the Netherlands,"Wed, 08/12/2020 - 22:00","Wed, 07/08/2020 - 22:00",LC-Bruker maXis QTOF: Submission #10,Amsterdam,Netherlands,52.799948,4.573844,,,,,North Sea,,,,,,biota,1,Wet weight,Platichthys flesus,,North Sea,,Coastal region,,Molluscs (22488),Muscle,78.0,,Netherlands
19228,CONNECT I+II LC,Real Sample,CONNECT 39 Platichthys flesus from the Netherlands,"Mon, 08/10/2020 - 22:00","Mon, 07/06/2020 - 22:00",LC-Bruker maXis QTOF: Submission #11,Amsterdam,Netherlands,52.735691,4.570985,,,,,North Sea,,,,,,biota,1,Wet weight,Platichthys flesus,,North Sea,,Coastal region,,Molluscs (22488),Muscle,78.0,,Netherlands
19229,CONNECT I+II LC,Real Sample,CONNECT 39 Platichthys flesus from the Netherlands,"Mon, 08/10/2020 - 22:00","Mon, 07/06/2020 - 22:00",LC-Bruker maXis QTOF: Submission #10,Amsterdam,Netherlands,52.735691,4.570985,,,,,North Sea,,,,,,biota,1,Wet weight,Platichthys flesus,,North Sea,,Coastal region,,Molluscs (22488),Muscle,78.0,,Netherlands
19230,CONNECT I+II LC,Real Sample,CONNECT 40 Platichthys flesus from the Netherlands,"Tue, 08/25/2020 - 22:00","Tue, 07/21/2020 - 22:00",LC-Bruker maXis QTOF: Submission #11,Amsterdam,Netherlands,52.666887,4.56763,,,,,North Sea,,,,,,biota,1,Wet weight,Platichthys flesus,,North Sea,,Coastal region,,Molluscs (22488),Muscle,79.0,,Netherlands
19231,CONNECT I+II LC,Real Sample,CONNECT 40 Platichthys flesus from the Netherlands,"Tue, 08/25/2020 - 22:00","Tue, 07/21/2020 - 22:00",LC-Bruker maXis QTOF: Submission #10,Amsterdam,Netherlands,52.666887,4.56763,,,,,North Sea,,,,,,biota,1,Wet weight,Platichthys flesus,,North Sea,,Coastal region,,Molluscs (22488),Muscle,79.0,,Netherlands
19232,CONNECT I+II LC,Real Sample,CONNECT 41 Ostrea edulis from the Netherlands,"Sat, 08/01/2020 - 22:00","Sat, 06/27/2020 - 22:00",LC-Bruker maXis QTOF: Submission #11,Amsterdam,Netherlands,52.606892,4.56725,,,,,North Sea,,,,,,biota,1,Wet weight,Ostrea edulis,,North Sea,,Coastal region,,Molluscs (22488),Muscle,90.0,,Netherlands
19233,CONNECT I+II LC,Real Sample,CONNECT 41 Ostrea edulis from the Netherlands,"Sat, 08/01/2020 - 22:00","Sat, 06/27/2020 - 22:00",LC-Bruker maXis QTOF: Submission #10,Amsterdam,Netherlands,52.606892,4.56725,,,,,North Sea,,,,,,biota,1,Wet weight,Ostrea edulis,,North Sea,,Coastal region,,Molluscs (22488),Muscle,90.0,,Netherlands
19234,CONNECT I+II LC,Real Sample,CONNECT 42 Ostrea edulis from the Netherlands,"Sat, 08/01/2020 - 22:00","Sat, 06/27/2020 - 22:00",LC-Bruker maXis QTOF: Submission #11,Amsterdam,Netherlands,52.555727,4.561124,,,,,North Sea,,,,,,biota,1,Wet weight,Ostrea edulis,,North Sea,,Coastal region,,Molluscs (22488),Muscle,90.0,,Netherlands
19235,CONNECT I+II LC,Real Sample,CONNECT 42 Ostrea edulis from the Netherlands,"Sat, 08/01/2020 - 22:00","Sat, 06/27/2020 - 22:00",LC-Bruker maXis QTOF: Submission #10,Amsterdam,Netherlands,52.555727,4.561124,,,,,North Sea,,,,,,biota,1,Wet weight,Ostrea edulis,,North Sea,,Coastal region,,Molluscs (22488),Muscle,90.0,,Netherlands
19236,CONNECT I+II LC,Real Sample,CONNECT 43 Ostrea edulis from the Netherlands,"Sat, 08/01/2020 - 22:00","Sat, 06/27/2020 - 22:00",LC-Bruker maXis QTOF: Submission #11,Amsterdam,Netherlands,52.448188,4.532678,,,,,North Sea,,,,,,biota,1,Wet weight,Ostrea edulis,,North Sea,,Coastal region,,Molluscs (22488),Muscle,90.0,,Netherlands
19237,CONNECT I+II LC,Real Sample,CONNECT 43 Ostrea edulis from the Netherlands,"Sat, 08/01/2020 - 22:00","Sat, 06/27/2020 - 22:00",LC-Bruker maXis QTOF: Submission #10,Amsterdam,Netherlands,52.448188,4.532678,,,,,North Sea,,,,,,biota,1,Wet weight,Ostrea edulis,,North Sea,,Coastal region,,Molluscs (22488),Muscle,90.0,,Netherlands
19238,CONNECT I+II LC,Real Sample,CONNECT 44 Ostrea edulis from the Netherlands,"Sat, 08/01/2020 - 22:00","Sat, 06/27/2020 - 22:00",LC-Bruker maXis QTOF: Submission #11,Amsterdam,Netherlands,52.418467,4.448686,,,,,North Sea,,,,,,biota,1,Wet weight,Ostrea edulis,,North Sea,,Coastal region,,Molluscs (22488),Muscle,91.0,,Netherlands
19239,CONNECT I+II LC,Real Sample,CONNECT 44 Ostrea edulis from the Netherlands,"Sat, 08/01/2020 - 22:00","Sat, 06/27/2020 - 22:00",LC-Bruker maXis QTOF: Submission #10,Amsterdam,Netherlands,52.418467,4.448686,,,,,North Sea,,,,,,biota,1,Wet weight,Ostrea edulis,,North Sea,,Coastal region,,Molluscs (22488),Muscle,91.0,,Netherlands
19240,CONNECT I+II LC,Real Sample,CONNECT 45 Ostrea edulis from the Netherlands,"Sat, 08/01/2020 - 22:00","Sat, 06/27/2020 - 22:00",LC-Bruker maXis QTOF: Submission #11,Amsterdam,Netherlands,52.558967,4.468311,,,,,North Sea,,,,,,biota,1,Wet weight,Ostrea edulis,,North Sea,,Coastal region,,Molluscs (22488),Muscle,91.0,,Netherlands
19241,CONNECT I+II LC,Real Sample,CONNECT 45 Ostrea edulis from the Netherlands,"Sat, 08/01/2020 - 22:00","Sat, 06/27/2020 - 22:00",LC-Bruker maXis QTOF: Submission #10,Amsterdam,Netherlands,52.558967,4.468311,,,,,North Sea,,,,,,biota,1,Wet weight,Ostrea edulis,,North Sea,,Coastal region,,Molluscs (22488),Muscle,91.0,,Netherlands
19242,CONNECT I+II LC,Real Sample,CONNECT 46 Ostrea edulis from the Netherlands,"Sat, 08/01/2020 - 22:00","Sat, 06/27/2020 - 22:00",LC-Bruker maXis QTOF: Submission #11,Amsterdam,Netherlands,52.431252,4.384624,,,,,North Sea,,,,,,biota,1,Wet weight,Ostrea edulis,,North Sea,,Coastal region,,Molluscs (22488),Muscle,91.0,,Netherlands
19243,CONNECT I+II LC,Real Sample,CONNECT 46 Ostrea edulis from the Netherlands,"Sat, 08/01/2020 - 22:00","Sat, 06/27/2020 - 22:00",LC-Bruker maXis QTOF: Submission #10,Amsterdam,Netherlands,52.431252,4.384624,,,,,North Sea,,,,,,biota,1,Wet weight,Ostrea edulis,,North Sea,,Coastal region,,Molluscs (22488),Muscle,91.0,,Netherlands
19799,CONNECT I+II LC,Blank Sample,Procedural Blank CONNECT 31-32,"Wed, 01/01/2020 - 22:00","Wed, 11/27/2019 - 22:00",LC-Bruker maXis QTOF: Submission #11,Praia de Samil,Spain,42.0949085,-8.8316915,,,,,Rio Lagares River,,,,,,biota,1,Wet weight,Mytilus edulis,,Rio Lagares River basin,,Coastal region,,Molluscs (22488),Muscle,,,Spain
19800,CONNECT I+II LC,Blank Sample,Procedural Blank CONNECT 31-32,"Wed, 01/01/2020 - 22:00","Wed, 11/27/2019 - 22:00",LC-Bruker maXis QTOF: Submission #10,Praia de Samil,Spain,42.0949085,-8.8316915,,,,,Rio Lagares River,,,,,,biota,1,Wet weight,Mytilus edulis,,Rio Lagares River basin,,Coastal region,,Molluscs (22488),Muscle,,,Spain
19801,CONNECT I+II LC,Real Sample,CONNECT 32 Mytilus edulis from Praia de Samil,"Tue, 02/11/2020 - 22:00","Tue, 01/07/2020 - 22:00",LC-Bruker maXis QTOF: Submission #11,Praia de Samil,Spain,42.219617,-8.776733,,,,,Rio Lagares River,,,,,,biota,1,Wet weight,Mytilus edulis,,Rio Lagares River basin,,Coastal region,,Molluscs (22488),Muscle,,,Spain
19802,CONNECT I+II LC,Real Sample,CONNECT 32 Mytilus edulis from Praia de Samil,"Tue, 02/11/2020 - 22:00","Tue, 01/07/2020 - 22:00",LC-Bruker maXis QTOF: Submission #10,Praia de Samil,Spain,42.219617,-8.776733,,,,,Rio Lagares River,,,,,,biota,1,Wet weight,Mytilus edulis,,Rio Lagares River basin,,Coastal region,,Molluscs (22488),Muscle,,,Spain
19803,CONNECT I+II LC,Real Sample,CONNECT 31 Mytilus edulis from Oia,"Tue, 03/10/2020 - 22:00","Tue, 02/04/2020 - 22:00",LC-Bruker maXis QTOF: Submission #11,Oia,Spain,41.9702,-8.88665,,,,,Rio Lagares River,,,,,,biota,1,Wet weight,Mytilus edulis,,Rio Lagares River basin,,Coastal region,,Molluscs (22488),Muscle,,,Portugal
19804,CONNECT I+II LC,Real Sample,CONNECT 31 Mytilus edulis from Oia,"Tue, 03/10/2020 - 22:00","Tue, 02/04/2020 - 22:00",LC-Bruker maXis QTOF: Submission #10,Oia,Spain,41.9702,-8.88665,,,,,Rio Lagares River,,,,,,biota,1,Wet weight,Mytilus edulis,,Rio Lagares River basin,,Coastal region,,Molluscs (22488),Muscle,,,Portugal
19805,CONNECT I+II LC,Blank Sample,Procedural Blank CONNECT 01-30,"Tue, 01/01/2019 - 22:00","Tue, 11/27/2018 - 22:00",LC-Bruker maXis QTOF: Submission #11,London,UK,51.5,0.5,,,,,,,,,,,biota,1,Wet weight,,,,,Coastal region,,Other (22510),Muscle,,,Canada
19806,CONNECT I+II LC,Blank Sample,Procedural Blank CONNECT 01-30,"Tue, 01/01/2019 - 22:00","Tue, 11/27/2018 - 22:00",LC-Bruker maXis QTOF: Submission #10,London,UK,51.5,0.5,,,,,,,,,,,biota,1,Wet weight,,,,,Coastal region,,Other (22510),Muscle,,,Canada
19807,CONNECT I+II LC,Real Sample,CONNECT 30 Mytilus edulis from Industrial outlet,"Mon, 10/12/2020 - 22:00","Mon, 09/07/2020 - 22:00",LC-Bruker maXis QTOF: Submission #11,Industrial outlet,Denmark,55.19735,11.2592,,,,,Baltic Sea,,,,,,biota,1,Wet weight,Mytilus edulis,,Baltic Sea,,Coastal region,,Molluscs (22488),Muscle,,,Denmark
19808,CONNECT I+II LC,Real Sample,CONNECT 30 Mytilus edulis from Industrial outlet,"Mon, 10/12/2020 - 22:00","Mon, 09/07/2020 - 22:00",LC-Bruker maXis QTOF: Submission #10,Industrial outlet,Denmark,55.19735,11.2592,,,,,Baltic Sea,,,,,,biota,1,Wet weight,Mytilus edulis,,Baltic Sea,,Coastal region,,Molluscs (22488),Muscle,,,Denmark
19809,CONNECT I+II LC,Real Sample,CONNECT 29 Mytilus edulis from Copenhagen Harbour,"Mon, 12/02/2019 - 22:00","Mon, 10/28/2019 - 22:00",LC-Bruker maXis QTOF: Submission #11,Copenhagen,Denmark,55.66915,12.576317,,,,,North Sea,,,,,,biota,1,Wet weight,Mytilus edulis,,North Sea,,Coastal region,,Molluscs (22488),Muscle,79.0,,Denmark
19810,CONNECT I+II LC,Real Sample,CONNECT 29 Mytilus edulis from Copenhagen Harbour,"Mon, 12/02/2019 - 22:00","Mon, 10/28/2019 - 22:00",LC-Bruker maXis QTOF: Submission #10,Copenhagen,Denmark,55.66915,12.576317,,,,,North Sea,,,,,,biota,1,Wet weight,Mytilus edulis,,North Sea,,Coastal region,,Molluscs (22488),Muscle,79.0,,Denmark
19811,CONNECT I+II LC,Real Sample,CONNECT 28 Mytilus edulis from Great Belt,"Wed, 11/06/2019 - 22:00","Wed, 10/02/2019 - 22:00",LC-Bruker maXis QTOF: Submission #11,Skaelskor,Denmark,55.25735,11.2,,,,,Baltic Sea,,,,,,biota,1,Wet weight,Mytilus edulis,,Baltic Sea,,Coastal region,,Molluscs (22488),Muscle,85.0,,Denmark
19812,CONNECT I+II LC,Real Sample,CONNECT 28 Mytilus edulis from Great Belt,"Wed, 11/06/2019 - 22:00","Wed, 10/02/2019 - 22:00",LC-Bruker maXis QTOF: Submission #10,Skaelskor,Denmark,55.25735,11.2,,,,,Baltic Sea,,,,,,biota,1,Wet weight,Mytilus edulis,,Baltic Sea,,Coastal region,,Molluscs (22488),Muscle,85.0,,Denmark
19813,CONNECT I+II LC,Real Sample,CONNECT 27 Mytilus edulis from Fjord,"Sun, 10/06/2019 - 22:00","Sun, 09/01/2019 - 22:00",LC-Bruker maXis QTOF: Submission #11,Randers,Denmark,56.602683,10.2897,,,,,Randers Fjord,,,,,,biota,1,Wet weight,Mytilus edulis,,Randers Fjord,,Coastal region,,Molluscs (22488),Muscle,83.0,,Denmark
19814,CONNECT I+II LC,Real Sample,CONNECT 27 Mytilus edulis from Fjord,"Sun, 10/06/2019 - 22:00","Sun, 09/01/2019 - 22:00",LC-Bruker maXis QTOF: Submission #10,Randers,Denmark,56.602683,10.2897,,,,,Randers Fjord,,,,,,biota,1,Wet weight,Mytilus edulis,,Randers Fjord,,Coastal region,,Molluscs (22488),Muscle,83.0,,Denmark
19815,CONNECT I+II LC,Real Sample,CONNECT 26 Mytilus edulis from Marina Aalborg,"Sat, 10/24/2020 - 22:00","Sat, 09/19/2020 - 22:00",LC-Bruker maXis QTOF: Submission #11,Aalborg,Denmark,57.07,9.956667,,,,,Nibe Bredning,,,,,,biota,1,Wet weight,Mytilus edulis,,Nibe Bredning,,Coastal region,,Molluscs (22488),Muscle,79.0,,Denmark
19816,CONNECT I+II LC,Real Sample,CONNECT 26 Mytilus edulis from Marina Aalborg,"Sat, 10/24/2020 - 22:00","Sat, 09/19/2020 - 22:00",LC-Bruker maXis QTOF: Submission #10,Aalborg,Denmark,57.07,9.956667,,,,,Nibe Bredning,,,,,,biota,1,Wet weight,Mytilus edulis,,Nibe Bredning,,Coastal region,,Molluscs (22488),Muscle,79.0,,Denmark
19817,CONNECT I+II LC,Real Sample,CONNECT 25 Mytilus edulis from Baltic Sea,"Wed, 11/06/2019 - 22:00","Wed, 10/02/2019 - 22:00",LC-Bruker maXis QTOF: Submission #11,Ronne,Denmark,55.04695,14.693117,,,,,Baltic Sea,,,,,,biota,1,Wet weight,Mytilus edulis,,Baltic Sea,,Coastal region,,Molluscs (22488),Muscle,78.0,,Denmark
19818,CONNECT I+II LC,Real Sample,CONNECT 25 Mytilus edulis from Baltic Sea,"Wed, 11/06/2019 - 22:00","Wed, 10/02/2019 - 22:00",LC-Bruker maXis QTOF: Submission #10,Ronne,Denmark,55.04695,14.693117,,,,,Baltic Sea,,,,,,biota,1,Wet weight,Mytilus edulis,,Baltic Sea,,Coastal region,,Molluscs (22488),Muscle,78.0,,Denmark
19819,CONNECT I+II LC,Real Sample,CONNECT 24 Mytilus edulis from North Sea,"Wed, 11/13/2019 - 22:00","Wed, 10/09/2019 - 22:00",LC-Bruker maXis QTOF: Submission #11,Aarhus,Denmark,55.988017,11.30045,,,,,North Sea,,,,,,biota,1,Wet weight,Mytilus edulis,,North Sea,,Coastal region,,Molluscs (22488),Muscle,87.0,,Denmark
19820,CONNECT I+II LC,Real Sample,CONNECT 24 Mytilus edulis from North Sea,"Wed, 11/13/2019 - 22:00","Wed, 10/09/2019 - 22:00",LC-Bruker maXis QTOF: Submission #10,Aarhus,Denmark,55.988017,11.30045,,,,,North Sea,,,,,,biota,1,Wet weight,Mytilus edulis,,North Sea,,Coastal region,,Molluscs (22488),Muscle,87.0,,Denmark
19821,CONNECT I+II LC,Real Sample,CONNECT 23 Pleuronectes platessa from Baltic Sea,"Mon, 11/18/2019 - 22:00","Mon, 10/14/2019 - 22:00",LC-Bruker maXis QTOF: Submission #11,Funen,Denmark,54.792467,10.5655,,,,,Baltic Sea,,,,,,biota,1,Wet weight,Pleuronectes platessa,,Baltic Sea,,Coastal region,,Fish (22486),Muscle,82.0,,Denmark
19822,CONNECT I+II LC,Real Sample,CONNECT 23 Pleuronectes platessa from Baltic Sea,"Mon, 11/18/2019 - 22:00","Mon, 10/14/2019 - 22:00",LC-Bruker maXis QTOF: Submission #10,Funen,Denmark,54.792467,10.5655,,,,,Baltic Sea,,,,,,biota,1,Wet weight,Pleuronectes platessa,,Baltic Sea,,Coastal region,,Fish (22486),Muscle,82.0,,Denmark
19823,CONNECT I+II LC,Real Sample,CONNECT 22 Pleuronectes platessa from Copenhagen harbour,"Sun, 12/15/2019 - 22:00","Sun, 11/10/2019 - 22:00",LC-Bruker maXis QTOF: Submission #11,Copenhagen,Denmark,55.670984,12.653118,,,,,North Sea,,,,,,biota,1,Wet weight,Pleuronectes platessa,,North Sea,,Coastal region,,Fish (22486),Muscle,80.0,,Denmark
19824,CONNECT I+II LC,Real Sample,CONNECT 22 Pleuronectes platessa from Copenhagen harbour,"Sun, 12/15/2019 - 22:00","Sun, 11/10/2019 - 22:00",LC-Bruker maXis QTOF: Submission #10,Copenhagen,Denmark,55.670984,12.653118,,,,,North Sea,,,,,,biota,1,Wet weight,Pleuronectes platessa,,North Sea,,Coastal region,,Fish (22486),Muscle,80.0,,Denmark
19825,CONNECT I+II LC,Real Sample,CONNECT 21 Pleuronectes platessa from Fjord close to Randers,"Mon, 10/07/2019 - 22:00","Mon, 09/02/2019 - 22:00",LC-Bruker maXis QTOF: Submission #11,Randers,Denmark,56.490806,10.224426,,,,,Grund Fjord,,,,,,biota,1,Wet weight,Pleuronectes platessa,,Grund Fjord,,Coastal region,,Fish (22486),Muscle,82.0,,Denmark
19826,CONNECT I+II LC,Real Sample,CONNECT 21 Pleuronectes platessa from Fjord close to Randers,"Mon, 10/07/2019 - 22:00","Mon, 09/02/2019 - 22:00",LC-Bruker maXis QTOF: Submission #10,Randers,Denmark,56.490806,10.224426,,,,,Grund Fjord,,,,,,biota,1,Wet weight,Pleuronectes platessa,,Grund Fjord,,Coastal region,,Fish (22486),Muscle,82.0,,Denmark
19827,CONNECT I+II LC,Real Sample,CONNECT 20 Pleuronectes platessa from Aarhus,"Tue, 08/20/2019 - 22:00","Tue, 07/16/2019 - 22:00",LC-Bruker maXis QTOF: Submission #11,Aarhus,Denmark,56.184667,10.984667,,,,,North Sea,,,,,,biota,1,Wet weight,Pleuronectes platessa,,North Sea,,Coastal region,,Fish (22486),Muscle,75.0,,Denmark
19828,CONNECT I+II LC,Real Sample,CONNECT 20 Pleuronectes platessa from Aarhus,"Tue, 08/20/2019 - 22:00","Tue, 07/16/2019 - 22:00",LC-Bruker maXis QTOF: Submission #10,Aarhus,Denmark,56.184667,10.984667,,,,,North Sea,,,,,,biota,1,Wet weight,Pleuronectes platessa,,North Sea,,Coastal region,,Fish (22486),Muscle,75.0,,Denmark
19829,CONNECT I+II LC,Real Sample,CONNECT 19 Pleuronectes platessa from Baltic Sea,"Fri, 12/13/2019 - 22:00","Fri, 11/08/2019 - 22:00",LC-Bruker maXis QTOF: Submission #11,Ronne,Denmark,55.166667,14.583333,,,,,Baltic Sea,,,,,,biota,1,Wet weight,Pleuronectes platessa,,Baltic Sea,,Coastal region,,Fish (22486),Muscle,70.0,,Denmark
19830,CONNECT I+II LC,Real Sample,CONNECT 19 Pleuronectes platessa from Baltic Sea,"Fri, 12/13/2019 - 22:00","Fri, 11/08/2019 - 22:00",LC-Bruker maXis QTOF: Submission #10,Ronne,Denmark,55.166667,14.583333,,,,,Baltic Sea,,,,,,biota,1,Wet weight,Pleuronectes platessa,,Baltic Sea,,Coastal region,,Fish (22486),Muscle,70.0,,Denmark
19831,CONNECT I+II LC,Real Sample,CONNECT 18 Pleuronectes platessa from North Sea,"Tue, 08/20/2019 - 22:00","Tue, 07/16/2019 - 22:00",LC-Bruker maXis QTOF: Submission #11,Esbjerg,Denmark,56.000667,7.011167,,,,,North Sea,,,,,,biota,1,Wet weight,Pleuronectes platessa,,North Sea,,Coastal region,,Fish (22486),Muscle,78.0,,Denmark
19832,CONNECT I+II LC,Real Sample,CONNECT 18 Pleuronectes platessa from North Sea,"Tue, 08/20/2019 - 22:00","Tue, 07/16/2019 - 22:00",LC-Bruker maXis QTOF: Submission #10,Esbjerg,Denmark,56.000667,7.011167,,,,,North Sea,,,,,,biota,1,Wet weight,Pleuronectes platessa,,North Sea,,Coastal region,,Fish (22486),Muscle,78.0,,Denmark
19833,CONNECT I+II LC,Real Sample,CONNECT 17 Mytilus edulis from Kinvara,"Wed, 11/06/2019 - 22:00","Wed, 10/02/2019 - 22:00",LC-Bruker maXis QTOF: Submission #11,Kinvara,Ireland,53.16428,-8.95204,,,,,North Atlantic Ocean,,,,,,biota,1,Wet weight,Mytilus edulis,,North Atlantic Ocean,,Coastal region,,Molluscs (22488),Muscle,77.0,,Ireland
19834,CONNECT I+II LC,Real Sample,CONNECT 17 Mytilus edulis from Kinvara,"Wed, 11/06/2019 - 22:00","Wed, 10/02/2019 - 22:00",LC-Bruker maXis QTOF: Submission #10,Kinvara,Ireland,53.16428,-8.95204,,,,,North Atlantic Ocean,,,,,,biota,1,Wet weight,Mytilus edulis,,North Atlantic Ocean,,Coastal region,,Molluscs (22488),Muscle,77.0,,Ireland
19835,CONNECT I+II LC,Real Sample,CONNECT 16 Mytilus edulis from Clew Bay North,"Tue, 11/26/2019 - 22:00","Tue, 10/22/2019 - 22:00",LC-Bruker maXis QTOF: Submission #11,Westport,Ireland,53.85777,-9.63723,,,,,Clew Bay North,,,,,,biota,1,Wet weight,Mytilus edulis,,Clew Bay North,,Coastal region,,Molluscs (22488),Muscle,,,Ireland
19836,CONNECT I+II LC,Real Sample,CONNECT 16 Mytilus edulis from Clew Bay North,"Tue, 11/26/2019 - 22:00","Tue, 10/22/2019 - 22:00",LC-Bruker maXis QTOF: Submission #10,Westport,Ireland,53.85777,-9.63723,,,,,Clew Bay North,,,,,,biota,1,Wet weight,Mytilus edulis,,Clew Bay North,,Coastal region,,Molluscs (22488),Muscle,,,Ireland
19837,CONNECT I+II LC,Real Sample,CONNECT 15 Crassostrea gigas from Cheekpoint,"Wed, 11/13/2019 - 22:00","Wed, 10/09/2019 - 22:00",LC-Bruker maXis QTOF: Submission #11,Cheekpoint,Ireland,52.20023,-6.9704,,,,,Barrow River,,,,,,biota,1,Wet weight,Crassostrea gigas,,Barrow River,,Coastal region,,Molluscs (22488),Muscle,,,Ireland
19838,CONNECT I+II LC,Real Sample,CONNECT 15 Crassostrea gigas from Cheekpoint,"Wed, 11/13/2019 - 22:00","Wed, 10/09/2019 - 22:00",LC-Bruker maXis QTOF: Submission #10,Cheekpoint,Ireland,52.20023,-6.9704,,,,,Barrow River,,,,,,biota,1,Wet weight,Crassostrea gigas,,Barrow River,,Coastal region,,Molluscs (22488),Muscle,,,Ireland
19839,CONNECT I+II LC,Real Sample,CONNECT 14 Mytilus edulis from Bodo harbour,"Sun, 11/03/2019 - 22:00","Sun, 09/29/2019 - 22:00",LC-Bruker maXis QTOF: Submission #11,Bodo,Norway,67.29631,14.39564,,,,,Norwegian Sea,,,,,,biota,1,Wet weight,Mytilus edulis,,Norwegian Sea,,Coastal region,,Molluscs (22488),Muscle,,,Norway
19840,CONNECT I+II LC,Real Sample,CONNECT 14 Mytilus edulis from Bodo harbour,"Sun, 11/03/2019 - 22:00","Sun, 09/29/2019 - 22:00",LC-Bruker maXis QTOF: Submission #10,Bodo,Norway,67.29631,14.39564,,,,,Norwegian Sea,,,,,,biota,1,Wet weight,Mytilus edulis,,Norwegian Sea,,Coastal region,,Molluscs (22488),Muscle,,,Norway
19841,CONNECT I+II LC,Real Sample,CONNECT 13 Mytilus edulis from Singlekalven,"Thu, 09/19/2019 - 22:00","Thu, 08/15/2019 - 22:00",LC-Bruker maXis QTOF: Submission #11,Singlekalven,Norway,59.09511,11.13678,,,,,North Sea,,,,,,biota,1,Wet weight,Mytilus edulis,,North Sea,,Coastal region,,Molluscs (22488),Muscle,84.0,,Norway
19842,CONNECT I+II LC,Real Sample,CONNECT 13 Mytilus edulis from Singlekalven,"Thu, 09/19/2019 - 22:00","Thu, 08/15/2019 - 22:00",LC-Bruker maXis QTOF: Submission #10,Singlekalven,Norway,59.09511,11.13678,,,,,North Sea,,,,,,biota,1,Wet weight,Mytilus edulis,,North Sea,,Coastal region,,Molluscs (22488),Muscle,84.0,,Norway
19843,CONNECT I+II LC,Real Sample,CONNECT 12 Mytilus edulis from Gressholmen,"Thu, 08/15/2019 - 22:00","Thu, 07/11/2019 - 22:00",LC-Bruker maXis QTOF: Submission #11,Gressholmen,Norway,59.88362,10.711,,,,,North Sea,,,,,,biota,1,Wet weight,Mytilus edulis,,North Sea,,Coastal region,,Molluscs (22488),Muscle,83.0,,Norway
19844,CONNECT I+II LC,Real Sample,CONNECT 12 Mytilus edulis from Gressholmen,"Thu, 08/15/2019 - 22:00","Thu, 07/11/2019 - 22:00",LC-Bruker maXis QTOF: Submission #10,Gressholmen,Norway,59.88362,10.711,,,,,North Sea,,,,,,biota,1,Wet weight,Mytilus edulis,,North Sea,,Coastal region,,Molluscs (22488),Muscle,83.0,,Norway
19845,CONNECT I+II LC,Real Sample,CONNECT 11 Mytilus edulis from Espevaer,"Wed, 10/02/2019 - 22:00","Wed, 08/28/2019 - 22:00",LC-Bruker maXis QTOF: Submission #11,Espevaer,Norway,59.58711,5.15203,,,,,North Sea,,,,,,biota,1,Wet weight,Mytilus edulis,,North Sea,,Coastal region,,Molluscs (22488),Muscle,86.0,,Norway
19846,CONNECT I+II LC,Real Sample,CONNECT 11 Mytilus edulis from Espevaer,"Wed, 10/02/2019 - 22:00","Wed, 08/28/2019 - 22:00",LC-Bruker maXis QTOF: Submission #10,Espevaer,Norway,59.58711,5.15203,,,,,North Sea,,,,,,biota,1,Wet weight,Mytilus edulis,,North Sea,,Coastal region,,Molluscs (22488),Muscle,86.0,,Norway
19847,CONNECT I+II LC,Real Sample,CONNECT 10 Mytilus edulis from Convey Island,"Mon, 01/01/2018 - 22:00","Mon, 11/27/2017 - 22:00",LC-Bruker maXis QTOF: Submission #11,Convey Island,UK,51.508568,0.562604,,,,,Thames River,,,,,,biota,1,Wet weight,Mytilus edulis,,Thames River,,Coastal region,,Molluscs (22488),Muscle,80.0,,UK
19848,CONNECT I+II LC,Real Sample,CONNECT 10 Mytilus edulis from Convey Island,"Mon, 01/01/2018 - 22:00","Mon, 11/27/2017 - 22:00",LC-Bruker maXis QTOF: Submission #10,Convey Island,UK,51.508568,0.562604,,,,,Thames River,,,,,,biota,1,Wet weight,Mytilus edulis,,Thames River,,Coastal region,,Molluscs (22488),Muscle,80.0,,UK
19849,CONNECT I+II LC,Real Sample,CONNECT 09 Mytilus edulis from Exeter,"Mon, 01/01/2018 - 22:00","Mon, 11/27/2017 - 22:00",LC-Bruker maXis QTOF: Submission #11,Exeter,UK,50.681025,-3.466916,,,,,Exe River,,,,,,biota,1,Wet weight,Mytilus edulis,,Exe River,,Coastal region,,Molluscs (22488),Muscle,,,UK
19850,CONNECT I+II LC,Real Sample,CONNECT 09 Mytilus edulis from Exeter,"Mon, 01/01/2018 - 22:00","Mon, 11/27/2017 - 22:00",LC-Bruker maXis QTOF: Submission #10,Exeter,UK,50.681025,-3.466916,,,,,Exe River,,,,,,biota,1,Wet weight,Mytilus edulis,,Exe River,,Coastal region,,Molluscs (22488),Muscle,,,UK
19851,CONNECT I+II LC,Real Sample,CONNECT 08 Mytilus edulis from Brofjorden,"Thu, 10/24/2019 - 22:00","Thu, 09/19/2019 - 22:00",LC-Bruker maXis QTOF: Submission #11,Brofjorden,Sweden,58.360278,11.448278,,,,,North Sea,,,,,,biota,1,Wet weight,Mytilus edulis,,North Sea,,Coastal region,,Molluscs (22488),Muscle,,,Sweden
19852,CONNECT I+II LC,Real Sample,CONNECT 08 Mytilus edulis from Brofjorden,"Thu, 10/24/2019 - 22:00","Thu, 09/19/2019 - 22:00",LC-Bruker maXis QTOF: Submission #10,Brofjorden,Sweden,58.360278,11.448278,,,,,North Sea,,,,,,biota,1,Wet weight,Mytilus edulis,,North Sea,,Coastal region,,Molluscs (22488),Muscle,,,Sweden
19853,CONNECT I+II LC,Real Sample,CONNECT 07 Mytilus edulis from Fjallbacka,"Thu, 04/11/2019 - 22:00","Thu, 03/07/2019 - 22:00",LC-Bruker maXis QTOF: Submission #11,Fjallbacka,Sweden,58.602,11.240806,,,,,North Sea,,,,,,biota,1,Wet weight,Mytilus edulis,,North Sea,,Coastal region,,Molluscs (22488),Muscle,84.0,,Sweden
19854,CONNECT I+II LC,Real Sample,CONNECT 07 Mytilus edulis from Fjallbacka,"Thu, 04/11/2019 - 22:00","Thu, 03/07/2019 - 22:00",LC-Bruker maXis QTOF: Submission #10,Fjallbacka,Sweden,58.602,11.240806,,,,,North Sea,,,,,,biota,1,Wet weight,Mytilus edulis,,North Sea,,Coastal region,,Molluscs (22488),Muscle,84.0,,Sweden
19855,CONNECT I+II LC,Real Sample,CONNECT 06 Mytilus edulis from Eckwarderhorne,"Tue, 01/01/1985 - 22:00","Tue, 11/27/1984 - 22:00",LC-Bruker maXis QTOF: Submission #11,Eckwarderhorne,Germany,53.52,8.23,,,,,Jade Bight,,,,,,biota,1,Wet weight,Mytilus edulis,,Jade Bight,,Coastal region,,Molluscs (22488),Muscle,84.0,,Germany
19856,CONNECT I+II LC,Real Sample,CONNECT 06 Mytilus edulis from Eckwarderhorne,"Tue, 01/01/1985 - 22:00","Tue, 11/27/1984 - 22:00",LC-Bruker maXis QTOF: Submission #10,Eckwarderhorne,Germany,53.52,8.23,,,,,Jade Bight,,,,,,biota,1,Wet weight,Mytilus edulis,,Jade Bight,,Coastal region,,Molluscs (22488),Muscle,84.0,,Germany
19857,CONNECT I+II LC,Real Sample,CONNECT 05 Mytilus edulis from Eckwarderhorne,"Tue, 01/01/2002 - 22:00","Tue, 11/27/2001 - 22:00",LC-Bruker maXis QTOF: Submission #11,Eckwarderhorne,Germany,53.520307,8.233259,,,,,Jade Bight,,,,,,biota,1,Wet weight,Mytilus edulis,,Jade Bight,,Coastal region,,Molluscs (22488),Muscle,,,Germany
19858,CONNECT I+II LC,Real Sample,CONNECT 05 Mytilus edulis from Eckwarderhorne,"Tue, 01/01/2002 - 22:00","Tue, 11/27/2001 - 22:00",LC-Bruker maXis QTOF: Submission #10,Eckwarderhorne,Germany,53.520307,8.233259,,,,,Jade Bight,,,,,,biota,1,Wet weight,Mytilus edulis,,Jade Bight,,Coastal region,,Molluscs (22488),Muscle,,,Germany
19859,CONNECT I+II LC,Real Sample,CONNECT 04 Mytilus edulis from Konigshafen,"Tue, 01/01/2019 - 22:00","Tue, 11/27/2018 - 22:00",LC-Bruker maXis QTOF: Submission #11,Konigshafen,Germany,55.020227,8.43986,,,,,North Sea,,,,,,biota,1,Wet weight,Mytilus edulis,,North Sea,,Coastal region,,Molluscs (22488),Muscle,,,Germany
19860,CONNECT I+II LC,Real Sample,CONNECT 04 Mytilus edulis from Konigshafen,"Tue, 01/01/2019 - 22:00","Tue, 11/27/2018 - 22:00",LC-Bruker maXis QTOF: Submission #10,Konigshafen,Germany,55.020227,8.43986,,,,,North Sea,,,,,,biota,1,Wet weight,Mytilus edulis,,North Sea,,Coastal region,,Molluscs (22488),Muscle,,,Germany
19861,CONNECT I+II LC,Real Sample,CONNECT 03 Mytilus edulis from Eckwarderhorne,"Tue, 01/01/2019 - 22:00","Tue, 11/27/2018 - 22:00",LC-Bruker maXis QTOF: Submission #11,Eckwarderhorne,Germany,53.523863,8.230873,,,,,Jade Bight,,,,,,biota,1,Wet weight,Mytilus edulis,,Jade Bight,,Coastal region,,Molluscs (22488),Muscle,,,Germany
19862,CONNECT I+II LC,Real Sample,CONNECT 03 Mytilus edulis from Eckwarderhorne,"Tue, 01/01/2019 - 22:00","Tue, 11/27/2018 - 22:00",LC-Bruker maXis QTOF: Submission #10,Eckwarderhorne,Germany,53.523863,8.230873,,,,,Jade Bight,,,,,,biota,1,Wet weight,Mytilus edulis,,Jade Bight,,Coastal region,,Molluscs (22488),Muscle,,,Germany
19863,CONNECT I+II LC,Real Sample,CONNECT 02 Mytilus edulis from Aberdeen,"Tue, 02/18/2020 - 22:00","Tue, 01/14/2020 - 22:00",LC-Bruker maXis QTOF: Submission #11,Aberdeen,UK,57.133,-2.067,,,,,Dee River,,,,,,biota,1,Wet weight,Mytilus edulis,,Dee River,,Coastal region,,Molluscs (22488),Muscle,,,UK
19864,CONNECT I+II LC,Real Sample,CONNECT 02 Mytilus edulis from Aberdeen,"Tue, 02/18/2020 - 22:00","Tue, 01/14/2020 - 22:00",LC-Bruker maXis QTOF: Submission #10,Aberdeen,UK,57.133,-2.067,,,,,Dee River,,,,,,biota,1,Wet weight,Mytilus edulis,,Dee River,,Coastal region,,Molluscs (22488),Muscle,,,UK
19865,CONNECT I+II LC,Real Sample,CONNECT 01 Mytilus edulis from Ythan River,"Mon, 02/17/2020 - 22:00","Mon, 01/13/2020 - 22:00",LC-Bruker maXis QTOF: Submission #11,Newburgh,UK,57.321,-1.993,,,,,Ythan River,,,,,,biota,1,Wet weight,Mytilus edulis,,Ythan River,,Coastal region,,Molluscs (22488),Muscle,,,UK
19866,CONNECT I+II LC,Real Sample,CONNECT 01 Mytilus edulis from Ythan River,"Mon, 02/17/2020 - 22:00","Mon, 01/13/2020 - 22:00",LC-Bruker maXis QTOF: Submission #10,Newburgh,UK,57.321,-1.993,,,,,Ythan River,,,,,,biota,1,Wet weight,Mytilus edulis,,Ythan River,,Coastal region,,Molluscs (22488),Muscle,,,UK
23212,CONNECT I+II LC,Blank Sample,Blank biota for CONNECTII,"Sun, 02/26/2023 - 00:00","Fri, 10/20/2023 - 00:00",LC-Bruker maXis QTOF: Submission #10,De Haan,UK,51.3,3.0,,,,,,,,,,,biota,Yes,,,,,,Marine environment,,,Muscle,,,Belgium
23214,CONNECT I+II LC,Real Sample,CONnECTII 02 whole soft body  Mytilus edulis from Clyde Estuary Outer in Scotland,"Tue, 01/17/2023 - 00:00","Fri, 10/20/2023 - 00:00",LC-Bruker maXis QTOF: Submission #10,Glasgow,Belgium,55.932,-4.677,,,,,,,,,,,biota,Yes,Dry weight,Mytilus edulis,,River Clyde,,River,,Molluscs (22488),Soft body,85.14,,UK
23215,CONNECT I+II LC,Real Sample,CONnECTII 03 liver Pleuronectes platessa from Outer Moray Firth in Scotland,"Mon, 02/21/2022 - 00:00","Fri, 10/20/2023 - 00:00",LC-Bruker maXis QTOF: Submission #10,Elgin,UK,58.072,-2.951833,,,,,North Sea basin,,,,,,biota,Yes,Dry weight,Pleuronectes platessa,,North Sea,,Coastal region,,Fish (22486),Liver,80.11,,USA
23216,CONNECT I+II LC,Real Sample,CONnECTII 04 Fillet Rutilus rutilus from Randmeren Oost in the Netherlands,"Mon, 10/03/2022 - 00:00","Fri, 10/20/2023 - 12:00",LC-Bruker maXis QTOF: Submission #10,Harderwijk,USA,52.382959,5.659556,,,,,Veluwemeer,,,,,,biota,Yes,Dry weight,Rutilus rutilus,,Veluwemeer,,Coastal region,,Fish (22486),Muscle,73.31,,Netherlands
23217,CONNECT I+II LC,Real Sample,CONnECTII 05 Fillet Rutilus rutilus from Hollands Diep in the Netherlands,"Mon, 09/12/2022 - 00:00","Fri, 10/20/2023 - 00:00",LC-Bruker maXis QTOF: Submission #10,Dordrecht,Netherlands,51.697392,4.540111,,,,,Hollands Diep,,,,,,biota,Yes,Dry weight,Rutilus rutilus,,Hollands Diep,,Coastal region,,Fish (22486),Muscle,74.29,,Netherlands
23266,CONNECT I+II LC,Real Sample,CONnECTII 06 Filet limanda limanda from FT140tris in Belgium,"Sun, 02/26/2023 - 00:00","Fri, 10/20/2023 - 00:00",LC-Bruker maXis QTOF: Submission #10,De Haan,Netherlands,51.33206,2.999895,,,,,North Sea Basin,,,,,,biota,Yes,Dry weight,limanda limanda,,North Sea,,Coastal region,,Fish (22486),Muscle,75.0,,Belgium
23269,CONNECT I+II LC,Real Sample,CONnECTII 07 Liver limanda limanda from FT140tris in Belgium,"Sun, 02/26/2023 - 00:00","Fri, 10/20/2023 - 00:00",LC-Bruker maXis QTOF: Submission #10,De Haan,Belgium,51.33206,2.999895,,,,,North Sea Basin,,,,,,biota,Yes,Dry weight,limanda limanda,,North Sea,,Coastal region,,Fish (22486),Muscle,80.0,,Belgium
23272,CONNECT I+II LC,Real Sample,CONnECTII 09 Harbour Porpoise liver (female) from Ireland,"Wed, 01/23/2019 - 00:00","Fri, 10/20/2023 - 00:00",LC-Bruker maXis QTOF: Submission #10,Dublin,Belgium,53.33317,-6.150153,,,,,,,,,,,biota,Yes,Dry weight,Harbour Porpoise,,Dublin Bay,,Coastal region,,Fish (22486),Liver,71.0,,Ireland
23274,CONNECT I+II LC,Real Sample,CONnECTII 10 Harbour Porpoise liver (male) from Ireland,"Mon, 09/02/2019 - 00:00","Fri, 10/20/2023 - 00:00",LC-Bruker maXis QTOF: Submission #10,Dublin,Ireland,53.313359,-6.08742,,,,,Dublin Bay,,,,,,biota,Yes,Dry weight,Harbour Porpoise,,Dublin Bay,,Coastal region,,Fish (22486),Liver,81.0,,Ireland
23279,CONNECT I+II LC,Blank Sample,Blank biota for CONNECTII,"Sun, 02/26/2023 - 12:00","Fri, 10/20/2023 - 00:00",LC-Bruker maXis QTOF: Submission #11,De Haan,Ireland,51.3,3.0,,,,,,,,,,,biota,,Dry weight,,,,,Coastal region,,,Muscle,,,Belgium
23281,CONNECT I+II LC,Real Sample,CONnECTII 02 whole soft body  Mytilus edulis from Clyde Estuary Outer in Scotland,"Tue, 01/17/2023 - 12:00","Fri, 10/20/2023 - 12:00",LC-Bruker maXis QTOF: Submission #11,Glasgow,Belgium,55.932,-4.677,,,,,,,,,,,biota,Yes,Dry weight,Mytilus edulis,,River Clyde,,Coastal region,,Molluscs (22488),Whole body,85.14,,UK
23282,CONNECT I+II LC,Real Sample,CONnECTII 03 liver Pleuronectes platessa from Outer Moray Firth in Scotland,"Mon, 02/21/2022 - 12:00","Fri, 10/20/2023 - 00:00",LC-Bruker maXis QTOF: Submission #11,Elgin,UK,58.072,-2.95183,,,,,North Sea Basin,,,,,,biota,Yes,Dry weight,Pleuronectes platessa,,North Sea,,Coastal region,,Fish (22486),,80.11,,USA
23283,CONNECT I+II LC,Real Sample,CONnECTII 04 Fillet Rutilus rutilus from Randmeren Oost in the Netherlands,"Mon, 10/03/2022 - 12:00","Fri, 10/20/2023 - 12:00",LC-Bruker maXis QTOF: Submission #11,Harderwijk,USA,52.382959,5.659556,,,,,Veluwemeer,,,,,,biota,Yes,Dry weight,Rutilus rutilus,,Veluwemeer,,Coastal region,,Fish (22486),Muscle,73.31288344,,Netherlands
23284,CONNECT I+II LC,Real Sample,CONnECTII 05 Fillet Rutilus rutilus from Hollands Diep in the Netherlands,"Mon, 09/12/2022 - 12:00","Fri, 10/20/2023 - 12:00",LC-Bruker maXis QTOF: Submission #11,Dordrecht,Netherlands,51.697392,4.540111,,,,,Hollands Diep,,,,,,biota,Yes,Dry weight,Rutilus rutilus,,Hollands Diep,,Coastal region,,Fish (22486),Muscle,74.28571429,,Netherlands
23285,CONNECT I+II LC,Real Sample,CONnECTII 06 Filet limanda limanda from FT140tris in Belgium,"Sun, 02/26/2023 - 12:00","Fri, 10/20/2023 - 12:00",LC-Bruker maXis QTOF: Submission #11,De Haan,Netherlands,51.33206,2.999895,,,,,North Sea,,,,,,biota,Yes,,limanda limanda,,North Sea,,Coastal region,,Fish (22486),Muscle,75.0,,Belgium
23286,CONNECT I+II LC,Real Sample,CONnECTII 07 Liver limanda limanda from FT140tris in Belgium,"Sun, 02/26/2023 - 12:00","Fri, 10/20/2023 - 12:00",LC-Bruker maXis QTOF: Submission #11,De Haan,Belgium,51.33206,2.999895,,,,,North Sea,,,,,,biota,Yes,Dry weight,limanda limanda,,North Sea,,Coastal region,,Fish (22486),Liver,80.0,,Belgium
23288,CONNECT I+II LC,Real Sample,CONnECTII 09 Harbour Porpoise liver (female) from Ireland,"Wed, 01/23/2019 - 12:00","Fri, 10/20/2023 - 12:00",LC-Bruker maXis QTOF: Submission #11,Dublin,Belgium,53.33317,-6.150153,,,,,Dublin Bay,,,,,,biota,,Dry weight,Harbour Porpoise,,Dublin Bay,,Coastal region,,Fish (22486),Liver,71.0,,Ireland
23290,CONNECT I+II LC,Real Sample,CONnECTII 10 Harbour Porpoise liver (male) from Ireland,"Mon, 09/02/2019 - 12:00","Fri, 10/20/2023 - 12:00",LC-Bruker maXis QTOF: Submission #11,Dublin,Ireland,53.313359,-6.08742,,,,,Dublin Bay,,,,,,biota,,Dry weight,Harbour Porpoise,,Dublin Bay,,Coastal region,,Fish (22486),Liver,81.0,,Ireland
