ID,Collection,Sample type,Short name for contribution,Sampling date,Analysis date,Instrument setup used,Monitored City,Monitored country,Latitude,Longitude,Capacity population equivalent,Daily flow m^3/day,Dissolved organic carbon (mg/L),MES Dry matter content (mg/L),pH,Proxy pressures,River basin,Sludge retention time (days),Temperature (°C),Type of industry,Type of tertiary treatment,Type of treatment plant,Type of wastewater,Type of wastewater sample,Volume of the reactor (m^3),Wastewater fraction,Latitude.1
22869,6rbmp,Real Sample,Effluent wastewater from MESKI Mezitli WWTP in Mersin ID138,"Mon, 05/15/2023 - 11:33","Thu, 06/01/2023 - 00:00",22864,Mersin,,36.736163,34.495652,,,,,7.22,,,,26.0,,,,Waste water - Municipal,Effluent wastewater,,Dissolved fraction,36.736163
22870,6rbmp,Real Sample,Influent wastewater from Petrol ofisi Mersin branch in Mersin ID139,"Tue, 05/16/2023 - 13:39","Thu, 06/01/2023 - 00:00",22864,Mersin,,36.810632,34.660859,,,,,6.93,,,,23.4,,,,Waste water - Industrial,Influent wastewater,,Dissolved fraction,36.810632
22871,6rbmp,Real Sample,Effluent wastewater from MESBAS Mersin free zone operator in Mersin ID140,"Tue, 05/16/2023 - 10:19","Thu, 06/01/2023 - 00:00",22864,Mersin,,36.806861,34.672126,,,,,6.1,,,,25.9,,,,Waste water - Industrial,Effluent wastewater,,Dissolved fraction,36.806861
22872,6rbmp,Real Sample,Influent wastewater from MESBAS Mersin free zone operator in Mersin ID141,"Tue, 05/16/2023 - 00:00","Thu, 06/01/2023 - 00:00",22864,Mersin,,36.806732,34.672246,,,,,6.57,,,,26.9,,,,,Influent wastewater,,,36.806732
22873,6rbmp,Real Sample,Effluent wastewater from Petrol ofisi Mersin branch in Mersin ID142,"Tue, 05/16/2023 - 00:00","Thu, 06/01/2023 - 00:00",22864,Mersin,,36.810684,34.661032,,,,,7.01,,,,24.7,,,,Waste water - Industrial,Effluent wastewater,,Dissolved fraction,36.810684
22874,6rbmp,Real Sample,"Effluent wastewater from CMC consumer medical care, cottom, packaging industry in Mersin ID143","Tue, 05/16/2023 - 00:00","Thu, 06/01/2023 - 00:00",22864,Mersin,,36.810389,34.66888,,,,,6.85,,,,27.3,,,,Waste water - Industrial,Effluent wastewater,,Dissolved fraction,36.810389
22875,6rbmp,Real Sample,Influent wastewater from MESKI Mezitli WWTP in Mersin ID144,"Mon, 05/15/2023 - 00:00","Thu, 06/01/2023 - 00:00",22864,Mersin,,36.73818,34.494786,,,,,7.64,,,,23.6,,,,,Influent wastewater,,Dissolved fraction,36.73818
22876,6rbmp,Real Sample,Effluent wastewater from MESKI Kargipinari WWTP in Mersin ID145,"Mon, 05/15/2023 - 00:00","Thu, 06/01/2023 - 00:00",22864,Mersin,,36.6673,34.42367,,,,,7.28,,,,26.6,,,,Waste water - Municipal,Effluent wastewater,,Dissolved fraction,36.6673
22877,6rbmp,Real Sample,Influent wastewater from AKAN depot in Mersin ID146,"Tue, 05/16/2023 - 00:00","Thu, 06/01/2023 - 00:00",22864,Mersin,,36.64606,34.354821,,,,,7.58,,,,24.8,,,,Waste water - Industrial,Influent wastewater,,Dissolved fraction,36.64606
22878,6rbmp,Real Sample,"Influent wastewater from CMC consumer medical care, cottom, packaging industry in Mersin ID147","Tue, 05/16/2023 - 00:00","Thu, 06/01/2023 - 00:00",22864,Mersin,,36.810316,34.668918,,,,,6.93,,,,29.1,,,,Waste water - Industrial,Influent wastewater,,Dissolved fraction,36.810316
22879,6rbmp,Real Sample,Effluent wastewater from AKAN depot in Mersin ID148,"Tue, 05/16/2023 - 00:00","Thu, 06/01/2023 - 00:00",22864,Mersin,,36.646089,34.354749,,,,,6.98,,,,24.4,,,,Waste water - Municipal,Effluent wastewater,,Dissolved fraction,36.646089
22880,6rbmp,Real Sample,Influent wastewater from MESKI Kargipinari WWTP in Mersin ID149,"Mon, 05/15/2023 - 00:00","Thu, 06/01/2023 - 00:00",22864,Mersin,,36.667873,34.423488,,,,,7.8,,,,27.6,,,,Waste water - Municipal,Influent wastewater,,Dissolved fraction,36.667873
22881,6rbmp,Real Sample,Influent Meski WWTP in Mersin ID150,"Tue, 05/16/2023 - 00:00","Thu, 06/01/2023 - 00:00",22864,Mersin,,36.811944,34.709444,,,,,7.33,,,,22.6,,,,Waste water - Municipal,Influent wastewater,,Dissolved fraction,36.811944
22882,6rbmp,Real Sample,Effluent Meski WWTP in Mersin ID151,"Tue, 05/16/2023 - 00:00","Thu, 06/01/2023 - 00:00",22864,Mersin,,36.811944,34.709444,,,,,7.3,,,,23.6,,,,Waste water - Municipal,Effluent wastewater,,Dissolved fraction,36.811944
22883,6rbmp,QC Sample,Effluent Meski WWTP in Mersin Spike ID151,"Tue, 05/16/2023 - 00:00","Thu, 06/01/2023 - 00:00",22864,Mersin,,36.811944,34.709444,,,,,7.3,,,,23.6,,,,Waste water - Municipal,Effluent wastewater,,Dissolved fraction,36.811944
22884,6rbmp,QC Sample,Effluent Meski WWTP in Mersin MM ID151,"Tue, 05/16/2023 - 00:00","Thu, 06/01/2023 - 00:00",22864,Mersin,,36.811944,34.709444,,,,,7.3,,,,23.6,,,,Waste water - Municipal,Effluent wastewater,,Dissolved fraction,36.811944
22885,6rbmp,Real Sample,Influent wastewater from Ankutsan paper industry in Mersin-Tarsus OIZ ID152,"Mon, 05/15/2023 - 00:00","Thu, 06/01/2023 - 00:00",22864,Mersin,,36.9025,34.798333,,,,,7.92,,,,20.0,,,,Waste water - Industrial,Influent wastewater,,Dissolved fraction,36.9025
22886,6rbmp,Real Sample,Effluent wastewater from Ankutsan paper industry in Mersin-Tarsus OIZ ID153,"Mon, 05/15/2023 - 00:00","Thu, 06/01/2023 - 00:00",22864,Mersin,,36.9025,34.798333,,,,,7.58,,,,22.6,,,,Waste water - Industrial,Effluent wastewater,,Dissolved fraction,36.9025
