ID,Collection,Sample type,Short name for contribution,Sampling date,Analysis date,Instrument setup used,Monitored City,Monitored country,Latitude,Longitude,webform_submission_value_3,webform_submission_value_4,webform_submission_value_7,webform_submission_value_11,webform_submission_value_12,webform_submission_value_13,webform_submission_value_14,webform_submission_value_15,webform_submission_value_16,webform_submission_value_17,webform_submission_value_20
24109,Milby2024,Real Sample,"Sample #: 24/2297
Matrix: Earth (Jord)",,,24106,,,,,,,,,,,,,,,
24110,Milby2024,Real Sample,"Sample #: 24/2298
Matrix: Soil (Jord)",,,24106,,,,,,,,,,,,,,,
24111,Milby2024,Real Sample,"Sample #: 24/2299
Matrix: Soil (Jord)",,,24106,,,,,,,,,,,,,,,
24112,Milby2024,Real Sample,"Sample #: 24/2300
Matrix: Soil (Jord)",,,24106,,,,,,,,,,,,,,,
24113,Milby2024,Real Sample,"Sample #: 24/2301
Matrix: Soil (Jord)",,,24106,,,,,,,,,,,,,,,
