Liver,Muscle,Other,id
True,False,False,"Hydrazine, phenyl-, hydrochloride (1:?)"
True,False,False,"6,7,12b,13-Tetrahydro-2H,4H,10H-[1,3]dioxolo[4,5-g][1,3]dioxolo[7,8]isoquinolino[3,2-a]isoquinoline (Tetrahydrocoptisine)"
True,True,True,1-Phenylethyl 2-methylbutyrate
True,True,True,Ethyl 1-acetylpiperidine-4-carboxylate
True,True,True,1-(Hexadecylmethylamino)propan-2-ol
True,True,False,"3-Acetyl-1,3-thiazolane-2-carbohydrazide"
True,False,True,4-(2-Cyanoethyl)-4-nitroheptanedinitrile
True,True,False,TP1/Bis(2-ethylhexyl) decanedioate
True,True,True,Allyl myristate
True,True,True,Coumafuryl
True,True,False,"3,7,7-Trimethyloxepane-2-methanol"
True,False,False,Oleic acid diethanolamide
True,True,True,Ethyl L-lysinate monohydrochloride
True,True,True,"1,2-Epoxyhexane"
True,True,False,"3,7-Dimethyl-1-(2-phenylethoxy)octane-1,7-diol"
True,True,True,"Cis-tetrahydro-1H-cyclopenta[c]furan-1,3(4H)-dione"
True,False,True,Sodium 5-(phenylazo)salicylate
True,False,False,2-Methyl-N-phenyl-N-(4-piperidinyl)propanamide
True,True,False,"20-Hydroxy-(5Z,8Z,11Z,14Z)-eicosatetraenoic acid"
True,False,False,"4-(3,3-Dimethylbicyclo[2.2.1]hept-2-yl)-2-ethylbutyl acetate"
True,True,True,"Octadeca-9-cis, 11-trans, 13-trans-trienoic acid"
True,False,False,"3,3',4,4'-Tetraaminodiphenyl ether"
True,False,False,9-Methylfluorene
True,False,False,N'-(6-aminopyridin-3-yl)-n-(2-cyclopentylethyl)-4-methyl-benzene-1
True,True,False,1-Acetyl-4-(4-fluorobenzoyl)piperidine
True,True,False,"9-Decen-1-ol, 1-propanoate"
True,True,True,"1-Naphthaleneethanol, 1,2,3,4-tetrahydro-"
True,True,True,Cyclopentyl isobutyrate
True,True,True,12-Oxo-10Z-octadecenoic acid
True,True,True,4-Chlorophenyl methyl sulfoxide
True,True,False,"2-Benzothiazolamine, 6-(methylthio)-"
True,False,False,"Hexanedioic acid, 2,2,4-trimethyl-"
True,True,False,Phenindione
True,True,True,Gamma-Nonanolactone
True,True,True,9-Aminoacridine hydrochloride monohydrate
True,False,False,"(2E)-3-(Acetoxymethyl)-5-[(1S,4aR,8aR)-2-(hydroxymethyl)-5,5,8a-trimethyl-1,4,4a,5,6,7,8,8a-octahydro-1-naphthalenyl]-2-pentenoic acid"
True,True,False,TP1/1-Octadecene
True,False,True,4-Undecyne
True,True,False,"Spiro[bicyclo[2.2.1]heptane-2,4'-[1,3]dioxane], 1,7,7-trimethyl-2'-(1-methylethyl)-, (1R,2S,2'S,4R)-"
True,True,True,N2-[[5-(dimethylamino)-1-naphthyl]sulphonyl]-L-asparagine
True,True,True,"2,2-Dimethyl-3-(morpholin-4-yl)propanal"
True,False,False,CL 354825
True,True,True,"Phenol, 2,3,4,5-tetramethyl-"
True,True,False,Ls-187429
True,True,True,Tetrahydro-2-phenoxy-2H-pyran
True,False,False,"Benzene, 1-iodo-2,3-dimethyl-"
True,True,True,"Heptane-2,4-dione"
True,True,True,2-Methyl-4-nitrosoresorcinol
True,True,True,2-Hydroxyethyl methyl terephthalate
True,False,False,Neramexane
True,True,False,"8-Hydroxy-6-oxooctadeca-9,12-dienoic acid"
True,True,True,N-Acetylaminoantipyrine
True,True,True,Pentyl methacrylate
True,True,False,"1,2-Ethanediol, 1,2-diformate"
True,True,False,STA-8C
True,False,False,Butyl cyclohexanecarboxylate
True,True,True,"1-Propene, 3,3'-[(1-methylethylidene)bis(oxy)]bis-"
True,False,False,"Hexane-1,2,5,6-tetrol"
True,True,True,1-Chrysenol
True,False,False,"5,6,10,14,16-Pentahydroxygrayanotoxan-3-one (Grayanotoxin V)"
True,True,True,Prenyl isobutyrate
True,False,False,"Benzenamine, 3-methyl-4-(1-pyrrolidinyl)-"
True,True,False,Vinyl isobutyrate
True,True,True,"Acetic acid, isotridecyl ester"
True,False,True,4-[(1-Ethynylcyclohexyl)amino]-4-oxobut-2-enoic acid
True,False,False,Antroquinonol
True,False,False,5-Oxohexanoic acid
True,False,False,Glycyl-L-proline
True,True,True,"(5Xi,6alpha,7alpha,9xi,16xi)-16-(beta-D-Glucopyranosyloxy)-6,7,17-trihydroxykauran-19-oic acid"
True,True,True,4-Oxoretinol
True,True,True,"TP2/1,3-Propanediamine, N-[3-(isodecyloxy)propyl]-"
True,True,True,Methylene blue cation
True,False,False,"N1-(3,4-Dimethoxyphenethyl)-2-{[4-(dimethylamino)benzylidene]amino}benzamide"
True,True,False,2-Methylglutaraldehyde
True,True,True,"(E)-2,3-dihydro-1H-inden-1-one oxime"
True,True,True,"2-Propenoic acid, 2-methyl-, 2-aminoethyl ester, sulfate (1:1)"
True,True,True,Hydrocortamate hydrochloride
True,False,False,"1-(2,4-Dichlorophenyl)-5-(trichloromethyl)-1H-1,2,4-triazole-3-carboxylic acid"
True,True,True,Brodimoprim
True,True,False,"(3R,5R,8R,9R,13S,14S)-3-hydroxy-13-methyl-2,3,4,5,6,7,8,9,10,11,12,14,15,16-tetradecahydro-1H-cyclopenta[a]phenanthren-17-one"
True,True,False,Alpha-Ketoisocaproic acid
True,True,True,Hept-1-enyl acetate
True,True,False,"(Cis)-dihydro-2,5-dimethylfuran-3(2H)-one"
True,False,False,(Aminomethylene)malononitrile
True,False,False,2-(2-Hydroxyethoxy)ethyl D-glucopyranoside
True,False,True,Brivanib alaninate
True,False,False,"2,2-Dimethyl-1-(2-pyrazinyl)-1-propanone"
True,False,False,"6-{[4-Amino-5-hydroxy-6-(hydroxymethyl)-2-(octyloxy)oxan-3-yl]oxy}-2-methyloxane-3,4-diol"
True,True,False,"N,N,N-Triethylethanaminium pentadecafluorooctanoate"
True,True,True,"[4-[(2-Chlorophenyl)[4-(dimethylamino)phenyl]methylene]cyclohexa-2,5-dien-1-ylidene]dimethylammonium acetate"
True,False,False,Sodium (S)-lactate
True,False,False,TP1/2-Hydroxyethyl methacrylate
True,True,True,(Z)-Hept-3-enyl acetate
True,False,False,JWH 018 benzimidazole analog
True,True,False,Dodec-2-enylsuccinic acid
True,False,False,Tetrahydrocortisol
True,True,True,Heptyl cyclohexanecarboxylate
True,True,True,"2,6-Diethylaniline"
True,False,True,Cyclopentylphenylglycolic acid
True,True,False,"4-Chloro-1,1-dimethoxybutane"
True,False,False,IN-KP533
True,True,False,"10-Hydroxy-6-oxooctadeca-8,12-dienoic acid"
True,True,True,{3-[(3-Hydroxy-2-methyl-5-phosphonooxymethyl-pyridin-4-ylmethyl)-amino]-2-methyl-propyl}-phosphonic acid
True,False,False,Pentyl 3-(methylthio)propionate
True,True,True,"1,3,3-Trimethyl-2-[[methyl[4-(phenylazo)phenyl]hydrazono]methyl]-3H-indolium chloride"
True,False,True,"4-(1,3-Dioxobutyl)morpholine"
True,True,False,7-Acetyllycopsamine
True,True,True,Allyl 2-cyanoacrylate
True,True,True,Methyl (5Z)-3-amino-5-(nitromethylidene)dithiole-4-carboxylate
True,False,False,7-Methoxy-1-benzofuran-3(2H)-one
True,True,True,Fluvoxketone
True,True,True,"2-[7-Isopropyl-5-methylbicyclo[2.2.2]oct-5-en-2-yl]-1,3-dioxolane"
True,False,False,Dihydro-3-coumaric acid
True,True,True,"2,2'-Methylenebis(4-methyl-6-tert-butylphenol)"
True,True,True,Isopentyl undec-10-enoate
True,False,True,"[(2E,4E)-5-[(4R)-4-hydroxy-2,6,6-trimethyl-1-cyclohexen-1-yl]-3-methyl-2,4-pentadienyl]triphenylphosphonium"
True,False,True,Ethyl 4-oxopiperidine-3-carboxylate
True,True,True,Allyl 2-ethylbutyrate
True,True,True,N-{2-Chloro-6-[(4-chlorophenyl)thio]benzyl}acetamide
True,False,False,"3,3,3',3'-Tetramethyl-2,2',3,3'-tetrahydro-1,1'-spirobi[indene]-6,6'-diol"
True,False,False,3-Butenylbenzene
True,False,False,"Benzenesulfonamide, 4,4'-oxybis-"
True,True,False,1-[(2-Hydroxyethyl)amino]propan-2-ol
True,True,True,P-(trifluoromethyl)benzaldehyde
True,True,True,(Z)-Hexadec-9-enoic acid
True,True,False,"(3S,3'S)-4-Methyl-3'-phenylspiro[1,4-benzodiazepine-3,2'-oxirane]-2,5(1H,4H)-dione"
True,False,False,"2,2'-[(1-Methylpropyl)imino]bisethanol"
True,True,False,"2H-1-Benzopyran-2-one, 3,4-dihydro-6-hydroxy-"
True,False,False,Beta-D-Glucopyranosyluronic acid
True,True,True,"Amines, tallow, 4+3 EO (R=CH3)"
True,True,False,"2,4,4-Trimethylpentan-2-yl decaneperoxoate"
True,True,True,Ethyl cyclohexane propionate
True,False,False,"2-[8-Isopropyl-5-methylbicyclo[2.2.2]oct-5-en-2-yl]-1,3-dioxolane"
True,True,True,"Benzeneacetic acid, .alpha.-amino-, (.alpha.R)-"
True,False,False,6-Mercapto-1H-pyridine-2-thione
True,True,True,"Benzoic acid, 2-hydroxy-, (3E)-3-hexen-1-yl ester"
True,False,False,"4,4'-(Propane-1,3-diyl)bismorpholine"
True,True,True,2-Acetyl-4-tert-butylcyclohexan-1-one
True,False,True,Cobalt bis(nonylphenolate)
True,True,True,1-(1-Ethoxyethoxy)pent-2-yne
True,True,False,"(9Z,11E,15Z)-13-Hydroperoxy-9,11,15-octadecatrienoic acid"
True,False,False,"5-Oxa-2-heptyne-1,7-diol"
True,True,True,Tripotassium hydrogen [[(2-ethylhexyl)imino]bis(methylene)]bisphosphonate
True,True,True,Diethylphosphorocyanidate
True,True,True,[(Cyclohexyloxy)methyl]oxirane
True,True,True,2-Methyldecyl acrylate
True,True,False,NS00102352
True,True,True,"9,10-Anthracenedione, 4,8-diamino-2-[4-(2-ethoxyethoxy)phenyl]-1,5-dihydroxy-"
True,True,True,Cis-2-piperidinocyclohexan-1-ol
True,True,False,Acetyltriethyl citrate
True,True,True,N1-(2-amino-4-methylpentyl)octahydro-pyrrolo[1
True,True,False,4-Aminobutyramide
True,True,False,Methyl a-mercaptofuran-2-butyrate
True,True,True,"6-Carbamimidoyl-n-(4-ethyl-1,2,3,4-tetrahydroisoquinolin-6-yl)naphthalene-2-carboxamide"
True,True,True,NS00049153
True,False,False,"(3S)-5-[(4aR,8aS)-2,5,5,8a-tetramethyl-3-oxo-4a,6,7,8-tetrahydro-4H-naphthalen-1-yl]-3-methylpentanoic acid"
True,False,True,"1,6-Dimethylnaphthalene"
True,False,False,TP1/6-Methylhept-5-en-2-ol
True,True,False,"Phenol, 4,4'-[1,4-phenylenebis(azo)]bis[3-methyl-"
True,False,False,"Propanoic acid, 2-phenoxy-"
True,True,False,Ethyl isocyanoacetate
True,False,False,"6'-(Diethylamino)-2'-(methylamino)spiro[isobenzofuran-1(3H),9'-[9H]xanthene]-3-one"
True,False,False,"[4-[[4-Anilino-1-naphthyl][4-(dimethylamino)phenyl]methylene]cyclohexa-2,5-dien-1-ylidene]dimethylammonium acetate"
True,False,False,2-Nitrophenol
True,False,True,JWH 073 7-hydroxyindole metabolite
True,False,True,"1,3-Butadienyl acetate"
True,False,False,Carboxyglutamic acid
True,True,True,"TP3/Phosphorotrithious acid, tridodecyl ester"
True,True,False,Elatidine
True,False,False,"Benzenepropanoic acid, 4-hydroxy-"
True,True,False,17ß-Hydroxyestr-4-en-3-one 17-(3-carboxypropionate)
True,False,False,N-Ethyl-N-[2-(phosphonooxy)ethyl]perfluorohexanesulfonamide
True,True,False,"11Alpha,17,21-Trihydroxy-16beta-methylpregna-1,4-diene-3,20-dione"
True,True,True,"1-(Chloromethyl)-3,5-bis(trifluoromethyl)benzene"
True,True,True,"1-(Cyclohexylamino)-3-(6-methyl-2,3,4,9-tetrahydro-1h-carbazol-9-yl)propan-2-ol"
True,True,False,NS00011459
True,True,True,"Acetophenone, 4'-morpholino-"
True,True,True,"11-ß-Hydroxypregn-4-ene-3,20-dione"
True,True,True,"10-Undecenoic acid, pentyl ester"
True,True,True,Butyl 3-methyl-2-butenoate
True,True,True,(E)-2-hexenyl octanoate
True,True,True,Tretinoin
True,True,False,"2-Propenoic acid, 2-propynyl ester"
True,False,False,"TP2/Benzenepropanal, 4-methyl-"
True,True,False,2-Methylpentylamine
True,False,False,Talbutal
True,False,False,N-Imino(morpholino)methyl-N'-propylthiourea
True,False,False,N-(4-Methoxyphenyl)formamide
True,True,True,(R)-1-(methoxymethyl)propylamine
True,True,False,"{[5-(1H-1,3-benzodiazol-1-yl)-3,4-dihydroxyoxolan-2-yl]methoxy}phosphonic acid"
True,True,False,"3,4,5-Trimethylphenol"
True,True,True,"14-Methyl-16-azabicyclo[10.3.1]hexadeca-1(16),12,14-triene"
True,False,False,NS00100051
True,True,False,"2-Butenethioic acid, 3-methyl-, S-(1-methylpropyl) ester"
True,False,False,2-Hydroxyadipaldehyde
True,False,False,"3-Aminobutane-1,2,4-triol"
True,False,True,Ethyl linolenate
True,False,True,"N,N-Dimethylacetoacetamide"
True,False,True,Tetrakis(hydroxymethyl)phosphonium acetate
True,False,False,"Grayanotox-15-ene-3,5,6,10,14-pentol (Grayanotoxin VI)"
True,False,True,N-(3-chloro-2-methylphenyl)-1-cyclohexyl-5-oxopyrrolidine-3-carboxamide
True,True,True,Cyclobarbital calcium
True,False,True,"Benzoic acid, compound with 2,2',2''-nitrilotriethanol (1:1)"
True,False,False,Phenylbutazone
True,True,True,Methyl 6-methoxy-1H-benzotriazole-5-carboxylate
True,True,True,"5-Methylpyrazine-2,3-dicarboxylic acid"
True,True,False,Cladribine
True,False,False,PEG-3 LAURAMIDE
True,False,False,"N-[(1-acetyl-1,2,3,4-tetrahydro-6-methyl-2-quinolyl)methyl]-N-isopropylacetamide"
True,True,False,"TP1/9-Octadecenoic acid (9Z)-, 2-ethyl-2-[[[(9Z)-1-oxo-9-octadecenyl]oxy]methyl]-1,3-propanediyl ester"
True,True,True,"4-Aminobutane-1,2,3-triol"
True,True,False,"2-Propenoic acid, propyl ester"
True,True,True,Alpha-Dimorphecolic
True,False,False,TP2/Riboflavin tetrabutyrate
True,False,False,NS00102119
True,True,False,Ranitidine TP 20
True,False,False,2-Acetylbenzoic acid
True,False,False,Hexyl (4-chloro-2-methylphenoxy)acetate
True,True,True,(2-Hydroxyethyl)octadecylammonium chloride
True,False,True,Ethyl 5-oxopyrrolidine-2-acetate
True,True,True,Tetrahydro-6-undecyl-2H-pyran-2-one
True,True,False,"{[3,4-Dihydroxy-5-(6-oxo-6,9-dihydro-1h-purin-9-yl)oxolan-2-yl]methoxy}sulfonic acid"
True,True,True,Isobutyl 3-methyl-2-butenoate
True,True,False,2-Methylpent-3-en-1-oic acid
True,False,False,1H-perimidin-2-amine monohydrochloride
True,True,True,Ethyl (E)-hept-4-enoate
True,False,False,"DL-Proline, 5-oxo-, compd. with 2,2',2''-nitrilotris(ethanol) (1:1)"
True,False,True,TP1/3-Methoxypropylamine
True,True,False,Alprostadil
True,False,False,CGA79353
True,False,False,Glycerol tributyrate
True,True,True,Calcium di-L-arabinonate
True,False,False,Trans-2-phenylcyclopropanecarbonyl chloride
True,True,True,"2',5'-Diethoxybenzanilide"
True,False,False,Nor-N-Omega-Hydroxy-L-Arginine
True,False,False,"1,2-Ethanediol, dibenzoate"
True,False,False,TP2/Sodium N-methyl-N-oleoyltaurate
True,True,True,"Benzeneacetic acid, Î±,2-dihydroxy-, sodium salt (1:1)"
True,True,True,Santolina triene
True,True,True,"4-Methyl-2-(1-methyl-1-butenyl)-1,3-dioxolane"
True,True,True,2-Nitrobutyl acrylate
True,True,True,[1-Methyl-3-(4-methylphenyl)triazen-2-yl]acetic acid
True,True,False,Hexyl 2-furoate
True,False,False,3-(Ethylimino)-2-methyl-N-(o-tolyl)-3H-phenoxazin-7-amine
True,False,False,"TP1/1,3-Propanediamine, 2,2-dimethyl-"
True,True,False,"3-Amino-7-(dimethylamino)-2,8-dimethylphenoxazin-5-ium chloride"
True,True,False,"3-Butenoic acid, ethyl ester"
True,False,False,Rebimastat
True,True,True,"3-[(2-Hydroxyethyl)thio]-1,2-propanediol"
True,True,True,2-Methylpropyl 1-methyl-3-(4-methyl-3-pentenyl)cyclohex-3-ene-1-carboxylate
True,True,True,Threoninamide
True,True,False,"4S,6R-Dimethyl-7R-acetoxy-3-nonanone"
True,True,True,N-(1-oxooctyl)-DL-methionine
True,True,False,Cyclooctanecarbaldehyde
True,True,False,"Acetamide, N-acetyl-N-methyl-"
True,True,True,4-(4-Chlorophenyl)-2-{[2-(phenylsulfonyl)ethyl]thio}pyrimidine
True,True,True,Dibutyl dihydrogen diphosphate
True,True,False,Ethylsuccinaldehyde
True,False,False,Beta-Peltatin
True,True,True,2-Methoxybenzophenone
True,True,True,"9,10-Anthracenedione, 1-[(2-hydroxyethyl)amino]-4-[(2-methoxyethyl)amino]-"
True,True,True,"Morpholine, 4-acetyl-"
True,True,False,2-Amino-5-methyl-benzenesulfonic acid sodium salt (1:1)
True,False,False,"1-(5,6,7,8-Tetrahydro-5,5-dimethyl-3-(1-methylethyl)-2-naphthyl)ethan-1-one"
True,True,False,Ovalitenin B
True,True,True,&lt;U+03B3&gt;-(1-methylethoxy)benzenebutyronitrile
True,False,False,"3-Butenoic acid, methyl ester"
True,False,True,"(2,2-Bis(hexyloxy)ethyl)benzene"
True,True,True,2-(Ethylthio)propanol
True,True,True,5-Decyn-1-ol
True,False,False,3-Aminophthalic acid
True,False,False,"N-(2-(4-Chlorophenyl)-1,1-dimethylethyl)acetamide"
True,True,True,Y-27632
True,True,False,Terameprocol
True,True,True,1-Butynylbenzene
True,False,True,Eladine
True,True,False,"Methyl 3,5-bis(tert-butyl)-4-hydroxyhydrocinnamate"
True,True,True,CP-671305
True,True,True,NS00100918
True,False,False,"2-[2,3-Bis(2-hydroxypropoxy)propoxy]-1-methylethyl acrylate"
True,True,True,Undec-10-enyl propionate
True,False,False,(+)-Menthyl acetate
True,True,False,"1-(2,3-Dihydro-1H-indol-1-yl)-2-[(5,6-diphenyl-1,2,4-triazin-3-yl)sulfanyl]-1-ethanone"
True,False,False,C17 Alkyl amine oxide
True,True,True,Methyl (E)oct-3-enoate
True,True,False,Sodium propan-2-olate
True,False,False,"2-[2-(6-Methoxy-3,4-dihydro-2H-naphthalen-1-ylidene)ethyl]-2-methylcyclopentane-1,3-dione"
True,False,False,Beta-Lapachone
True,True,True,NS00094014
True,False,False,"7-[3,5-Dihydroxy-2-(3-hydroxyoct-1-en-1-yl)cyclopentyl]hept-5-enoic acid"
True,True,False,"2,3-Hexanedione"
True,False,False,"1-(4-Butoxy-2,2,6,6-tetramethyl-3-cyclohexen-1-yl)ethan-1-one"
True,True,True,"[3-[[9,10-Dihydro-9,10-dioxo-4-(p-toluidino)-1-anthryl]amino]propyl]trimethylammonium chloride, compound with zinc chloride"
True,True,True,5'-Deoxy-5'-iodoadenosine
True,True,True,"Furan-3,4-diyldimethanol"
True,False,True,Sedacrine
True,False,True,Methyl 3-methyl-4-oxopiperidine-1-carboxylate
True,True,True,"1-Dodecanesulfonamide, N-(4-methylphenyl)-"
True,True,True,"TP1/1,2-Propanediol, 1-benzoate"
True,True,True,Nonyl 2-methylisocrotonate
True,True,True,3-(Methylthio)propyl acetate
True,False,False,"Pyrazine, 2,3-dimethyl-"
True,True,True,Methylcyclohexylacetate
True,True,True,"1,3,5,7-Tetrazocine, 1,5-diacetyloctahydro-3,7-dinitro-"
True,True,False,"2,4-Hexanedione"
True,True,True,Ginkgolide A
True,True,False,Quinolinic acid
True,True,False,"17-Hydroxy-16ß-methyl-5ß-pregn-9(11)-ene-3,20-dione"
True,True,True,"1,2-Diphenylethanedione"
True,True,False,6-Methylpyridine-2-ethanol
True,True,False,Perillaldehyde
True,False,False,"1,3-Dioxolane-2-propanoic acid, 2-methyl-, ethyl ester"
True,True,True,Vigabatrin
True,True,False,(2-Ethylhexyl)ammonium acetate
True,False,False,4-Dodecylresorcinol
True,False,False,Lithium propionate
True,False,False,Ethyl 4-hydroxy-2-oxopyrrolidine-1-acetate
True,True,True,4-Nitropyrene
True,False,False,Isopentyl octyl hydrogen phosphate
True,False,False,"1-[[[5-[(2-Hydroxypropyl)amino]-1,3,3-trimethylcyclohexyl]methyl]amino]propan-2-ol"
True,False,False,4-Hydroxy-3-Nitroacetophenone
True,False,True,"(11β,16α)-9-Fluoro-11,16,17,21-tetrahydroxypregn-4-ene-3,20-dione"
True,True,False,"5-[2-(3-Furyl)ethyl]-8a-(hydroxymethyl)-5,6-dimethyl-3,4,4a,5,6,7,8,8a-octahydro-1-naphthalenecarboxylic acid"
True,False,False,4-Morpholineethanethiol
True,True,True,N(4)-Acetylsulfadiazine
True,True,True,Brd-a41145729-001-02-7
True,True,False,Propyl 2-methylisocrotonate
True,True,True,Ethyl 7-methyl-9-oxo-9H-thioxanthene-3-carboxylate
True,True,True,Sodium 2-pentadecyl-1H-benzimidazole-5-carboxylate
True,True,True,Trinexapac
True,True,True,3-Acetyldihydro-2(3H)-furanone
True,True,True,Xanthurenic acid
True,False,True,Carbocystein
True,False,False,3-Phenoxypropionic acid
True,True,True,1-Pentene
True,True,True,"3,3,5-Trimethyloxepan-2-one"
True,False,False,Propyl (E)-hex-2-enoate
True,True,True,Methyl cis-2-methylcyclohexanecarboxylate
True,True,True,"TP3/Propanenitrile, 3-[(9Z)-9-octadecenylamino]-"
True,False,True,"3-[[1-(2-Aminoethyl)-4,5-dihydro-1H-imidazol-2-yl]methyl]tetrahydro-2H-pyran-2-one"
True,False,False,4-(4-Methylenecyclohexylmethoxycarbonyl)benzoic acid
True,False,False,"2-[(3-Ethyl-5-methoxy-3H-benzothiazol-2-ylidene)methyl]-1-(3-sulphonatopropyl)naphtho[1,2-d]thiazolium"
True,False,False,(9S)-9-hydroxy-6'-methoxycinchonanium thiocyanate
True,True,False,"Diethyl 2,2'-azobis[2-methylpropionate]"
True,False,False,Tert-butyl (1S)-N-[1-((2S)-2-oxiranyl)-2-phenylethyl]carbamate
True,True,True,[(2-Methyl-4-nitrophenyl)amino]benzenesulphonic acid
True,True,False,(+)-Deprenyl hydrochloride
True,True,True,"3,7-Dimethyloctyl phenylacetate"
True,False,False,3A-hydroxy-6-oxo-5a-cholan-24-oic acid
True,False,True,"1-Propanone, 1-(4-methoxyphenyl)-"
True,True,True,TP1/1-(Cyclopropylmethyl)-4-methoxybenzene
True,True,False,(3E)-3-Hexenoic acid
True,True,False,4-Benzyl hydrogen N-formyl-L-aspartate
True,True,True,"1-Butyl-1,2,3,4-tetrahydro-4-methylnaphthalene"
True,True,True,"Cinnamic acid, compound with 2-amino-2-methylpropan-1-ol (1:1)"
True,True,True,"Furan, 2,2'-methylenebis-"
True,False,False,"3-(4-Methoxyphenoxy)propane-1,2-diol"
True,True,True,Tert-butyl alaninate hydrochloride
True,True,False,4-HO-MiPT
True,False,True,Vincamine
True,True,True,Acranil
True,True,False,"2-Benzyl-5-butyl-5-ethyl-1,3-dioxane"
True,False,False,Ethyl hydroxy[(2-methyl-1-oxoallyl)amino]acetate
True,False,False,3-Methyl-4-pyrrolidin-1-ylaniline monohydrochloride
True,True,True,Ethionine
True,False,False,"1-[2-Oxo-2-(1-pyrrolidinyl)ethyl]-4-[1-oxo-3-(3,4,5-trimethoxyphenyl)allyl]piperazinium chloride"
True,True,True,"3-Hexene, 1,1'-[ethylidenebis(oxy)]bis-, (3Z,3'Z)-"
True,True,False,4-Methoxypent-3-en-2-one
True,True,False,Baricitinib
True,True,False,Mephentermine
True,True,True,3-Oxobutyronitrile
True,True,True,Benzyl lactate
True,True,False,"3,4-Hexanedione"
True,False,False,Rhodomolin B
True,False,False,1-Benzylpyridinium chloride
True,False,False,"Sodium 2-heptyl-2,3-dihydro-3-(2-hydroxyethyl)-1H-imidazole-1-propionate"
True,True,False,"3-Methyl-6-(2,4,4-trimethyl-1-methylidene-2,3,4,5,6,7-hexahydro-1h-inden-2-yl)hexa-2,4-dienoic acid"
True,True,True,"1,3,5-Triacetylhexahydro-1,3,5-triazine"
True,True,True,NS00093549
True,True,True,Shikimic acid
True,True,False,"1-(4-Chlorophenyl)-2,2-diethoxyethan-1-one"
True,True,True,Phenethyl salicylate
True,True,False,"5-Undecene, 7-ethenyl-"
True,False,False,Penflutizide
True,False,False,Biotin
True,True,False,Farnesyl acetate
True,True,True,3-Benzyloxyaniline
True,True,True,"Dilithium naphthalene-1,5-disulfonate"
True,False,True,"2,2,3,3,4,4,4-Heptafluorobutyl methanesulfonate"
True,False,False,"(1R,3R,4R,4aS)-4-Hydroxy-3,4a,8,8-tetramethyl-4-[2-(5-oxo-2,5-dihydro-3-furanyl)ethyl]decahydro-1-naphthalenyl acetate"
True,True,True,TP3/N-lauryl iminodipropionate
True,True,False,MAB-CHMINACA
True,True,True,"1H-Imidazole-1-ethanol, 2-heptyl-4,5-dihydro-"
True,False,False,4-Aminophthalic acid
True,True,False,12-Oxooctadecanoic acid
True,True,True,"4,5-Dihydroxy-1,2-dithiane"
True,True,True,"1,4-Dicyclohexylbenzene"
True,False,False,4-Methoxymethylpyridoxine
True,True,False,2-{[Formyl(hydroxy)amino]methyl}-4-methylpentanoic acid
True,True,False,Bis(2-ethylhexyl) phenyl phosphite
True,False,True,"(2E,6E)-1,1'-oxybis[3,7-dimethylocta-2,6-diene]"
True,False,True,1-(2-Hydroxyethyl)pyrrolidin-2-one
True,False,False,"Disulfone, dihexyl"
True,False,False,"Benzoic acid, 2-hydroxy-, 2-[bis(2-hydroxyethyl)amino]ethyl ester"
True,True,True,"3-Piperidinopropane-1,2-diol"
True,True,True,Sodium cyclopent-2-ene-1-undecanoate
True,True,True,"(E,E)-Farnesal"
True,True,True,Phenanthren-4-methanol
True,True,True,3-(Bromo-4-methoxyphenyl)propionicÂ acid
True,False,False,"Ethanol, 2,2'-[(3-aminophenyl)imino]bis-, diacetate (ester)"
True,True,False,"Dihydro-3-(2-tetradecenyl)furan-2,5-dione"
True,False,False,"3-(3-{3-Methyl-6-[(1-phenylethyl)amino]-1h-pyrazolo[4,3-c]pyridin-1-yl}phenyl)propanamide"
True,True,True,"9Z,12Z,15E-octadecatrienoic acid"
True,True,True,"[(2,2,3,4,4,4-Hexafluorobutoxy)methyl]oxirane"
True,True,False,Resmethrin
True,False,False,"Dodecanoic acid, 2-sulfoethyl ester"
True,True,True,"2-Methyl-1,2-benzoisothiazolin-3-one"
True,True,True,4-Acetyl-3-hydroxy-2-propylphenyl (dimethylamino)methanethioate
True,False,False,"6-Chloro-3-phenylpyridazin-4-ol, compound with triethylamine (1:1)"
True,False,False,"N-[3-(tetradecyloxy)propyl]propane-1,3-diamine acetate"
True,False,True,TP2/Putrescine
True,True,True,"Benzeneacetic acid, .alpha.-methylene-"
True,True,True,3-(Phenylmethyl)heptan-4-one
True,True,True,Pinolenic acid
True,True,True,"1,1,3,3,7-Pentamethylindan-5-ol"
True,False,True,"Benzene, 1,3-bis(3-phenoxyphenoxy)-"
True,True,False,Hydrocotarnine
True,True,True,Arachidonic acid
True,True,True,"Formic acid, 1-methylpropyl ester"
True,True,True,2-Naphthyl laurate
True,False,False,"Ethyl 1-(2-chlorophenyl)-3,5-dimethyl-1h-pyrazole-4-carboxylate"
True,True,True,G-Hexadecalactone
True,True,True,Nvp-bep800
True,True,True,Omeprazole sulfone
True,False,False,"2,5-Dimethyl-2-(prop-1-enyl)hex-4-enal"
True,False,False,"9-Hydroxy-2,6,12-trimethyl-12-[2-[3,4,5-trihydroxy-6-(hydroxymethyl)oxan-2-yl]oxyethyl]-15-oxatetracyclo[8.4.1.01,10.02,7]pentadecane-6-carboxylic acid"
True,False,False,2-[(2-Methylacryloyl)oxy]ethanesulfonic acid
True,True,True,Ethyl ß-hexyl-2-oxocyclopentanepropionate
True,True,True,Bromofenofos
True,False,False,[5-Amino-2-[(1-ethylpyrrolidin-2-yl)methylcarbamoyl]-4-ethylsulfonylphenyl] hydrogen sulfate (Amisulpride-met 22 -435(2))
True,False,False,"Octanoic acid, compound with 1,1-dimethylundecylamine (1:1)"
True,True,True,"[2,2'-Biquinoline]-4,4'-dicarboxylic acid"
True,False,False,1-Chloro-1-methylcyclooctane
True,False,False,N-Methyloctan-1-amine
True,True,False,3-Hydroxy-2-[({3-hydroxy-2-methyl-5-[(phosphonooxy)methyl]pyridin-4-yl}methyl)amino]butanoic acid
True,True,True,Piperonyl sulfoxide
True,False,True,Atropine-N-oxide hydrochloride
True,True,True,"2,3,4,5-Tetrahydropyridin-3-amine"
True,True,True,Ethyl 2-methylbenzoate
True,False,False,"5,10,14,16-Tetrahydroxy-2,3-epoxygrayanotoxan-6-yl acetate (Rhodojaponin II)"
True,True,True,AC1LDCJL
True,True,False,NS00087212
True,True,True,"2-Butenoic acid, 3-methylbutyl ester"
True,True,True,Sodium abietate
True,False,False,2-[(Ethanesulfinyl)methyl]phenyl hydrogen methylcarbonimidate (Ethiofencarb sulfoxide)
True,True,True,"2,2-Dimethyl-1,3-bis(vinyloxy)propane"
True,False,False,Norgestimate
True,True,False,"4-({15-Methyl-5-oxotetracyclo[8.7.0.0²,?.0¹¹,¹?]heptadec-6-en-14-yl}oxy)-4-oxobutanoic acid"
True,True,True,6-Cinnamoyl-m-toluic acid
True,True,False,"1,3-Benzenediol, 2-nitro-"
True,True,True,3-(2-Thienyl)acrylonitrile
True,True,False,Adipic dialdehyde
True,False,False,"Carbamic chloride, 1,6-dibutyl-"
True,True,True,"2-Propenoic acid, 3-(2-hydroxyphenyl)-, (2E)-"
True,True,True,Epelsiban
True,True,True,"Benzene, 1-(3,3-diethoxy-2-methylpropyl)-4-(1-methylethyl)-"
True,True,False,16(R)-HETE
True,True,True,Methyl 3-methoxybenzo[b]thiophene-3-carboxylate
True,True,True,"4,4-Dimethyl-5-methylideneoxolan-2-one"
True,False,False,Maculosin
True,True,True,Sodium [bis(2-hydroxyethyl)amino]methanesulphonate
True,False,False,4-(4-Methyl-3-pentenyl)cyclohex-3-ene-1-carbonitrile
True,False,False,"&lt;U+03B3&gt;-methyl-a,a-diphenylpiperidine-1-butyronitrile"
True,True,False,"Bicyclo(3.1.0)hexan-3-ol, 4-methylene-1-(1-methylethyl)-, acetate, (1alpha,3beta,5alpha)-"
True,False,False,"Cis-2-vinyl-1,3-dioxolane-4-methanol"
True,False,False,"N-[(1-acetyl-1,2,3,4-tetrahydro-6-methyl-7-nitro-2-quinolyl)methyl]-N-isopropylacetamide"
True,True,False,"4-{3-[6-(2-Methoxyethyl)pyridin-3-yl]-2-methylimidazo[1,2-b]pyridazin-8-yl}morpholine"
True,False,False,"1,3-Benzenediol, 4,6-bis(1,1-dimethylethyl)-"
True,False,False,2-Amino-6-methylpyrimidin-4-ol
True,True,True,Ethyl valerate
True,True,False,Daidzein
True,False,False,Sodium 12-hydroxyoctadecanoate
True,True,True,6-Thioinosine 5′-phosphate
True,True,True,"Magnesium 9,10-epoxyoctadecanoate"
True,True,True,"2,4-Dihydroxybenzaldehyde"
True,True,False,"(1,1,2,2-Tetrafluoroethoxy)ethylene"
True,False,False,(S)-a-amino-N-2-naphthyl-1H-indole-3-propionamide
True,False,False,Sodium palmitate
True,True,False,"1,2-Benzenedicarboxylic acid, di-C6-8-branched alkyl esters, C7-rich"
True,False,True,Ethyl 4-oxo-1-piperidinecarboxylate
True,True,True,2-Cyclooctyl-6-cyclopentylphenol
True,False,False,Alpha-methyl-&lt;U+03B3&gt;-butyrolactone
True,False,True,2-Piperidinobenzoxazole
True,True,True,5-Methyl-2-furylmethylketone
True,True,True,TP1/4-Benzyloxy-3-methoxybenzyl alcohol
True,False,False,N-Tigloylglycine
True,True,False,"2,9-Bis(3-methoxypropyl)anthra(2,1,9-def:6,5,10-d'e'f')diisoquinoline-1,3,8,10(2H,9H)-tetrone"
True,True,True,Tramadol met 6 -279
True,True,True,5 - Cyanopentanamide
True,True,False,"4-Methylpent-2-yne-1,4-diol"
True,True,False,"3,7-Bis(diethylamino)-1-ethoxyphenoxazin-5-ium nitrate"
True,True,True,Nonan-1-oic anhydride
True,True,True,2-Ethylhexyl cyclopentanecarboxylate
True,False,False,Nonanedioic acid
True,False,False,2-Phenylcyclohexanol
True,True,True,1-Aminoanthraquinone
True,True,False,Primobolan
True,True,True,4-((4-Aminocyclohexyl)methyl)-o-toluidine
True,False,False,"2,2'-[1,4-Phenylenebis(oxy)]diethanol"
True,True,True,"9-Tetradecenoic acid, (9Z)-"
True,True,False,Trans-hex-2-enoic acid
True,True,True,"4(1H)-Quinazolinone, 6-chloro-2-(2-hydroxyphenyl)-"
True,False,False,"(2R)-3-sulfanylpropane-1,2-diol"
True,True,True,"(Z)-1-(2,6,6-Trimethyl-2-cyclohexen-1-yl)-2-buten-1-one"
True,True,True,"1,1,3,3,4,4,5,5,6,6,6-Undecafluoro-1-methoxyhexan-2-one"
True,True,False,"[1R-(1a,4aa,5a,8aß)]-5-[2-(3-furyl)ethyl]decahydro-1,4a-dimethyl-6-methylene-1-naphthoic acid"
True,False,False,6-Ketoprostaglandin F1α
True,False,True,RP 29922
True,False,False,4-(Dimethoxymethyl)-1-(4-methylpent-3-enyl)cyclohexene
True,False,False,"2,5-Pyrrolidinedione, 3-dodecyl-1-(1,2,2,6,6-pentamethyl-4-piperidinyl)-"
True,False,False,"1-Propanesulfonic acid, 3-mercapto-, monosodium salt"
True,True,True,5-Tert-Butyl-3-methylpyrocatechol
True,False,True,"3-(2-Hydroxyphenyl)-1,1-dimethylurea"
True,True,True,Calcium dihydrogen bis[4-[(4-chloro-6-sulphonato-m-tolyl)azo]-3-hydroxy-2-naphthoate]
True,True,False,"17-A-methylandrosta-1,5-diene-3-ß,17-ß-diol"
True,False,False,"3,3-Diphenylacrylonitrile"
True,True,False,Cannabidiolic acid
True,True,True,Proligestone
True,True,True,"N-{4-[(2,3-Dihydro-1,4-benzodioxin-6-ylamino)sulfonyl]phenyl}acetamide"
True,False,True,Pseudoconhydrine
True,True,False,"11-ß,17-A,21-trihydroxy-6-a-methylpregn-4-ene-3,20-dione"
True,True,False,Lithium methacrylate
True,True,False,"Estra-1,3,5(10)-triene-3,17ß-diol 17-butyrate"
True,True,False,DE-NPAM
True,False,False,"4,4'-Thiobis(6-tert-butyl-m-cresol)"
True,False,False,L-Alanyl-L-proline
True,False,False,2-Styrylpyridine
True,True,False,N-[2-(nitrooxy)ethyl]nicotinamide monohydrochloride
True,True,False,TP1/Dicyclohexyl phthalate
True,False,True,1-(2-Aminoethyl)-2-methyl-5-nitroimidazole dihydrochloride
True,True,True,"2,3-Dihydro-2-oxobenzoxazole-6-sulphonamide"
True,True,False,Sodium dodecylbenzenesulfonate
True,True,True,Cyclododecanediol
True,True,False,"3-[1-[2-(2-Carboxyethoxy)ethyl]-2-undecyl-4,5-dihydroimidazol-1-ium-1-yl]propanoic acid"
True,True,True,2-Chloro-1-methylpyridinium trifluoromethanesulphonate
True,True,True,"9,17-Octadecadienal, (Z)-"
True,True,True,4-Chloro-17ß-hydroxyestr-4-en-3-one 17-acetate
True,False,False,"7-[(4-Methoxyphenyl)methyl]-1,3-dimethylpurine-2,6-dione"
True,False,False,6-Nitroindazole
True,True,False,"2-Pentenoic acid, 2-methyl-, (2E)-"
True,True,False,DL-tyrosine
True,False,False,"(8S-cis)-8-acetyl-10-[(3-amino-2,3,6-trideoxy-a-L-arabino-hexopyranosyl)oxy]-7,8,9,10-tetrahydro-6,8,11-trihydroxy-1-methoxynaphthacene-5,12-dione hydrochloride"
True,True,True,"(6Alpha)-17,20,21-Trihydroxy-6-methylpregna-1,4-diene-3,11-dione"
True,True,False,"Acetic acid, 2,2'-oxybis-, monosodium salt"
True,False,False,"9,10-Anthracenedione, 1,4-diamino-2-bromo-5-nitro-"
True,True,False,"Cyclohexanol, 2-​[(dimethylamino)​methyl]​-​1-​(3-​methoxyphenyl)​-"
True,True,False,"3-Methyl-2,4-pentanedione"
True,False,False,Gestonorone caproate
True,False,False,Acamprosate
True,True,True,"Naphthalene-1,4-dicarbonitrile"
True,True,True,"4-(5-Heptyl-1,3-dioxan-2-yl)benzonitrile"
True,True,False,4-Imino-5-Methidyl-2-Methylpyrimidine
True,False,False,"1-(2,6-Dichlorophenyl)-5-hydroxy-1,3-dihydro-2H-indol-2-one"
True,True,True,Isobornyl benzoate
True,False,False,2-Ethylhexyl octanoate
True,True,False,"1-Nonene, 4,6,8-trimethyl-"
True,True,True,4-(2-Hydroxyethyl(methyl)amino)benzenediazonium zinc chloride
True,True,True,Kinoprene
True,False,True,Merimepodib
True,False,False,"7-Methyl-6,8-bis(methylthio)pyrrolo(1,2-a)pyrazine"
True,True,True,Methyl 3-[2-({[3-(2-chloro-6-fluorophenyl)-5-methylisoxazol-4-yl]carbonyl}amino)-4-(trifluoromethyl)phenoxy]thiophene-2-carboxylate
True,True,True,NS00100387
True,True,True,Ethyl 2-(4-vinylphenoxy)isobutyrate
True,False,False,Dimethachlor CGA369873
True,True,False,4-Epichlortetracycline
True,True,True,"Urea, N-(4-methylphenyl)-N'-[4-[[4-[[[(4-methylphenyl)amino]carbonyl]amino]phenyl]methyl]phenyl]-"
True,True,True,4-Isopropylpyridine
True,False,False,(Dodecylbenzyl)triethylammonium chloride
True,True,False,M-Acetylphenyl acetate
True,False,True,N6-methyl-(r)-roscovitine
True,False,False,"TP4/Benzonitrile, 2-[[4-[(2-cyanoethyl)(2-phenylethyl)amino]phenyl]azo]-5-nitro-"
True,True,True,"2(3H)-Furanone, 3-dodecyldihydro-"
True,True,True,"Morpholine, 4-(4-nitrophenyl)-"
True,True,True,Hexyl acrylate
True,True,False,1-Ethylvinyl acetate
True,True,True,"Hexadeca-7,11-diynyl acetate"
True,True,False,1-Methylundecyl methacrylate
True,False,False,3-{[4-(2-Pyrimidinyl)piperazino]carbonyl}-2-pyrazinecarboxylic acid
True,True,True,P-(hexyloxy)cinnamic acid
True,True,False,Styrene
True,True,True,"Tetrahydro-2,5-dimethylfuran"
True,True,False,Glycopyrronium
True,True,True,4-({[4-(3-Methylbenzoyl)pyridin-2-yl]amino}methyl)benzenecarboximidamide
True,True,False,"(2Z,4E)-(±)-3,7,11-trimethyldodeca-2,4-dienoic acid"
True,False,False,4-Hydroxy-2-(2-hydroxyethyl)-2-phenylbutyronitrile
True,False,False,"9,10-Anthracenedione, 2,6-diamino-"
True,True,True,2-(Pyridin-2-yl)ethanol
True,True,True,3-Chloromethyl-1-methylpiperidinium chloride
True,False,False,"2,3-Quinoxalinedione, 1,4-dihydro-"
True,True,False,Cis-octahydronaphthalene-2(1H)-one
True,False,False,"1,1'-(3,7-Dimethylocta-2,6-dienylidene)bis(1H-indole)"
True,True,True,Quindecamine
True,True,False,Diethylstilbestrol monoglucuronide
True,True,False,5-Chloro-2-hydroxyisophthalaldehyde
True,True,True,"1-Phenyl-1,2-propanedione"
True,False,False,17(S)-HETE
True,True,True,(Z)-3-hexenyl octanoate
True,True,True,3-(Benzoyloxy)-2-methyl-4H-pyran-4-one
True,True,False,"1,3-Benzenedisulfonamide, 4-amino-6-chloro-"
True,False,False,Iloprost
True,False,False,Kalmitoxin II
True,False,False,3-Phenylpropyl cyclohexanepropionate
True,True,False,Gts-21
True,False,False,5-Methyldeoxycytidine
True,True,True,1-Undecyne
True,True,True,Methyl DL-methionate
True,True,True,"TP5/2,2-Bis[(benzoyloxy)methyl]dibenzoate propanediol"
True,True,True,"2,3,4,9-Tetrahydro-6-hydroxy-1H-pyrido(3,4-b)indol-1-one"
True,True,True,Vinylbenzoic acid
True,False,True,Aminopromazine
True,True,True,Sodium dihydrogen 2-sulphonatosuccinate
True,True,False,"4-Methylen-2,2-dimethyl-1,3-dioxolane"
True,True,True,(Perfluorooctyl)-2-hydroxypropyl dihydrogen phosphate
True,False,False,"L-Proline, 1-acetyl-4-hydroxy-, cis-"
True,True,True,2-Nitroaniline
True,False,False,Bis(2-ethylhexyl) isophthalate
True,True,True,"3-Hexyl-7,8,9,10-tetrahydro-6,6,9-trimethyl-6H-dibenzo[b,d]pyran-1-ol (Synhexyl)"
True,True,True,"2-Propenoic acid, 2-methyl-, 2-(sulfooxy)ethyl ester, ammonium salt"
True,True,True,2-(2-Pyridyloxy)ethyl(dimethyl)amine
True,True,False,N-[N-[(phenylmethoxy)carbonyl]-L-isoleucyl]-L-methionine
True,False,True,"(11ß,16A)-9-fluoro-11-hydroxy-17,21-[(1-methoxypentylidene)bis(oxy)]-16-methylpregna-1,4-diene-3,20-dione"
True,False,False,"2,4-Diaminoazobenzene;4-phenylazo-benzene-1,3-diamine;1,3-benzenediamine, 4-(phenylazo)-;4-(phenylazo)benzene-1,3-diamine;4-(phenyldiazenyl)benzene-1,3-diamine;mphenylenediamine,4(phenylazo),andits salts,whenusedasasubstanceinhair dye products;chrysoidine free base;4-(phenylazo)-m-phenylenediamine"
True,False,False,"(1A,2ß,5a)-2-isopropyl-5-methylcyclohexyl octanoate"
True,True,True,"5-(2-Ethoxy-5-nitrophenyl)-1-methyl-3-propyl-1,4-dihydro-7H-pyrazolo[4,3-d]pyrimidin-7-one"
True,True,True,2-Chloroethyl 2-phenoxyethyl ether
True,True,True,Linoleic acid
True,False,False,Sodium 5-allyl-5-isopropylbarbiturate
True,True,False,Mavoglurant
True,True,True,(Tetrazol-5-yl)glycine
True,False,False,T-2 Triol
True,True,False,"1,2:5,6-Diepoxyhexane"
True,False,False,"1,3-Dioxolane-2-propionaldehyde"
True,False,False,"N-[2-(3,4-dimethoxyphenyl)-1-methylethyl]-4-ethoxy-3-methoxyphenylacetamide"
True,True,False,Jasmolin II
True,True,False,"3',4'-Dimethoxybutyrophenone"
True,True,False,CHEMBL395753
True,False,False,"3,4-Diacetylhexane-2,5-dione"
True,False,False,"1-(1,3-Benzodioxol-5-yl)ethan-1-one"
True,False,False,Fesoterodine
True,False,False,Nonyl dihydrogen phosphate
True,False,False,"2,3-Quinoxalinediamine, N,N'-dimethyl-"
True,True,True,2-Hydroxy-3-phenoxypropyl methacrylate
True,True,False,"3-Pentenoic acid, 4-methyl-"
True,False,False,"11,14,17-Eicosatrienoic acid"
True,False,False,(Isopropoxymethoxy)methanol
True,True,True,2'-Acetonaphthone
True,False,False,"(R*,S*)-(±)-dihydro-5-(1-hydroxyethyl)-3H-furan-2-one"
True,True,False,(Z)-4-decenoic acid
True,True,False,Dibenzosuberol
True,True,True,4-(2-Chloroethyl)phenyl methyl ether
True,False,False,1-(2-Oxo-2-phenylethyl)pyridinium bromide
True,False,False,"Cis-2-vinyl-1,3-dioxan-5-ol"
True,False,False,"(4A,8a,12a,13R,14R)-16-isopropyl-17,19-dinoratis-15-ene-4,13,14-tricarboxylic acid, cyclic 13,14-anhydride"
True,True,False,"2,2'-Methylenebis(6-cyclopentyl-p-cresol)"
True,False,False,2-[2-(2-Nonylphenoxy)ethoxy]ethan-1-ol
True,True,False,"8(S)-Hydroxy-(5Z,9E,11Z,14Z)-eicosatetraenoic acid"
True,True,False,4-Isopropylbenzyl chloride
True,True,False,"2,7-Naphthalenedisulfonic acid, 4-[(3-aminobenzoyl)amino]-5-hydroxy-"
True,False,False,Testosterone ketolaurate
True,True,True,C11-Alkyl 1 ethyl sulfate
True,False,False,CimetidineÂ sulfoxide/hydroxy
True,True,True,Propyl undec-10-enoate
True,True,True,2-(Aminooxy)-2-methylpropionic acid hydrochloride
True,True,True,TP1/Dimethyl succinylsuccinate
True,True,True,3-Nonenoic acid
True,True,True,Ammonium myristate
True,True,True,"Benzoic acid, tridecyl ester"
True,True,True,"(1AS,3S,4R,5S,5aS,8aR,10R,10aS)-3-Hydroxy-3,10-dimethyl-6-methylene-2,7-dioxododecahydrooxireno[7,8]cyclodeca[1,2-b]furan-4,5-diyl bis(2-methylacrylate)"
True,False,False,N-(o-nitrophenylthio)-L-isoleucine
True,True,True,NS00010558
True,True,True,2-Hydroxyethyl 3-phenylpropionate
True,True,False,4-Chlororesorcinol
True,False,False,Methyl R-3-acetoxyhexanoate
True,True,False,Bis[bis(2-hydroxyethyl)ammonium] maleate
True,True,False,"2,3,5,6-Tetramethylcyclohexane-1,4-diamine"
True,True,True,"Acetic acid, (ethylthio)-"
True,False,False,"2,5-Dimethyl-3-furoic acid"
True,False,False,Desethylchloroquine
True,False,False,Diethyl[2-[2-(2-phenylbutyroyloxy)ethoxy]ethyl]ammonium dihydrogen citrate
True,False,False,Isobutyric anhydride
True,True,False,"Benzenesulfonamide, 4-methyl-N-propyl-"
True,True,False,Ammonium 3-octyloxiran-2-octanoate
True,False,True,"Bis(4-amino-4,5-dihydro-5-oxo-1-phenyl-1H-pyrazole-3-carboxamidine) sulphate"
True,True,True,"2,6-Dimethylheptane-3,5-dione"
True,True,True,"3-Furancarboxylic acid, 5-(phenylmethyl)-, methyl ester"
True,True,False,3-Ethoxy-3-oxo-2-[(thiophen-2-yl)methyl]propanoic acid
True,True,True,(E)-hept-2-enyl acetate
True,False,True,5-Chlorooxindole
True,False,False,N-1-Naphthalenyl-1-pentyl-1H-indazole-3-carboxamide
True,True,True,2-(1-Naphthylmethylthio)propionic acid
True,True,True,"Propanoic acid, 2-methyl-, butyl ester"
True,True,False,"2-(1,1,2,2-Tetrafluoroethoxy)benzoic acid"
True,True,True,1-Dibutylaminopropan-2-ol
True,False,False,2-(Allyloxy)ethyl methacrylate
True,True,True,"1-(1,3-Benzodioxol-5-yl)-N-methylpropan-2-amine hydrochloride"
True,False,False,Piperonyl butoxide
True,False,False,Cannabinodiol
True,True,False,"Benzoic acid, 4-octyl-"
True,True,False,Cinerin I
True,False,False,"5-{3-[3-(3,5-Dimethylphenyl)-5-methoxyphenyl]but-1-yn-1-yl}-6-methylpyrimidine-2,4-diamine"
True,True,True,1-Methyl-1-(4-methyl-3-cyclohexen-1-yl)ethyl octanoate
True,True,True,Linolenic acid
True,False,True,Hexythiazox
True,True,True,1-[2-(Acetoxy)ethyl]-2-oxopropyl [(4-amino-2-methyl-5-pyrimidinyl)methyl]dithiocarbamate
True,True,True,Octyl (S)-2-methylvalerate
True,False,False,2-Hydroxypropyl 5-oxo-L-prolinate
True,True,True,"3,7-Dimethyloct-6-enyl 2-ethylbutyrate"
True,True,False,NS00009983
True,True,False,"3,5-Di-tert-butyl-4-hydroxybenzyl propionate"
True,True,True,"2-[2-(4,5-Dihydro-3-phenyl-1H-pyrazol-1-yl)vinyl]-1,3,3-trimethyl-3H-indolium sulphate (2:1)"
True,False,False,"4,4'-(9H-Fluorene-9,9-diyl)diphenol"
True,False,False,"2-[2,4-Bis(tert-pentyl)phenoxy]butyric acid"
True,True,True,[(O-nonylphenoxy)methyl]oxirane
True,True,True,Cannogenin
True,False,False,"Phosphorodiamidous acid, tetrakis(1-methylethyl)-, 2-cyanoethyl ester"
True,True,True,"Sodium 5,7-dihydroxy-4-oxo-3-phenyl-4H-1-benzopyran-2-carboxylate"
True,False,True,D-[(amino)carbonyl]phenylalanine
True,True,True,"1,4-Butanediol diacrylate"
True,False,False,"(6R,8xi)-11,15-Dihydroxy-6,9-epoxyprost-13-en-1-oic acid"
True,True,False,"2-(2-Furyl)-5-phenyl-1,3,4-oxadiazole"
True,True,False,N-(tert-Butoxycarbonyl)glycyl-4-nitro-3-phenyl-L-alanyl-L-prolinamide
True,True,True,Sodium 4-methyl-2-oxovalerate
True,True,True,Pentalamide
True,True,True,2-(Ethyl(3-methylphenyl)amino)ethyl acetate
True,False,False,Roquefortine D
True,False,True,N-[1-(2-Chloro-6-fluorobenzyl)-4-piperidinyl]-5-methyl-3-isoxazolecarboxamide
True,True,True,Dodec-11-en-1-al
True,False,False,2-Hexylcyclopent-2-enyl acetate
True,True,True,N-octyl-ß-alanine
True,False,False,3-(3-Phenylpropyl)pyridine
True,False,False,5-Fluoro-o-tolyl isocyanate
True,False,False,GN
True,False,False,"17-(2H-1,3-benzodioxol-5-yl)-14-hydroxy-15-methyl-14-(prop-1-yn-1-yl)tetracyclo[8.7.0.0²,?.0¹¹,¹?]heptadeca-1,6-dien-5-one"
True,True,True,N-[(1r)-3-(4-hydroxyphenyl)-1-methylpropyl]-2-(2-phenyl-1h-indol-3-yl)acetamide
True,False,False,1-Phenylpiperazinium chloride
True,True,True,"Hexadeca-7,11-dienyl acetate"
True,True,False,5-Phenyl-2-(2-phenylpropan-2-yl)-2H-tetrazole
True,True,True,N-Acetyl-L-phenylalanine
True,False,True,"1',2'-Dihydro-6'-hydroxy-3,4'-dimethyl-2'-oxo-1,3'-bipyridinium chloride"
True,False,False,"2,2-Bis(hydroxymethyl)butyl acrylate"
True,True,True,"TP1/N,N-Bis(2-hydroxyethyl)tetradecamide"
True,False,False,Ethyl 2-cyano-3-[4-[(4-ethoxyphenyl)methylamino]phenyl]acrylate
True,False,False,2-Aminoterephthalic acid
True,True,False,Penmesterol
True,False,False,4-Methoxybut-3-en-2-one
True,False,False,6-(((Phenylmethoxy)carbonyl)amino)hexanoic acid
True,True,True,4-Piperidinecarboxylic acid
True,True,False,"2(3H)-Furanone, dihydro-4,4-dimethyl-"
True,True,True,Carbocromen
True,False,False,3-Amino-4-methylbenzamide
True,True,True,"1,3-Benzodioxole-5-carboxylic acid, methyl ester"
True,False,True,TP1/dl-Diepoxybutane
True,False,False,"5-Amino-2-(2,6-dichloro-4-methoxyphenyl)-2,4-dihydro-3H-pyrazol-3-one"
True,True,True,"N'-[(4-Chlorophenyl)methylene]-2-[5-methyl-7-oxo[1,2,4]triazolo[1,5-a]pyrimidin-4(7H)-yl]acetohydrazide"
True,True,False,"Trifluoro(1,1,2,2,3,4,4-heptafluorobut-3-enyl)oxirane"
True,False,False,TP1/Triisotridecyl trimellitate
True,True,True,Methoxyphenyl(trifluoromethyl)acetonitrile
True,False,False,TP1/Diisobutyl succinate
True,False,True,Propyl 5-oxo-L-prolinate
True,True,False,Lauryl sulfate
True,True,False,TP2/2-Ethylphenol
True,False,False,11-Methoxyeburnamonine
True,True,True,"3,5,6-Trimethoxybenzo[b]thiophene-3-carboxylic acid"
True,True,True,3-(Perfluoroisopropyl)-(2E)-difluoropropenoic acid
True,True,False,3-(4-Phenylpiperazino)-2-(2-pyridylsulfonyl)acrylonitrile
True,True,True,Prednisolone steaglate
True,True,False,"2-Butenedioic acid (2Z)-, butyl 2-propenyl ester"
True,True,True,"2-Naphthalenecarboxamide, 3-hydroxy-7-methoxy-N-phenyl-"
True,True,True,"2-Hexen-1-ol, 1-propanoate, (2E)-"
True,False,False,5-Aminoisophthalic acid
True,True,True,Isodecyl methacrylate
True,True,True,Tetraallyloxirane
True,False,True,Benzyl diethyl phosphite
True,False,False,"2-(2,6-Dimethyl-1,5-heptadienyl)-4,7-dihydro-1,3-dioxepin"
True,False,False,Benzyl myristate
True,True,False,Tert-Butyl 1-methyl-1-(4-tolyl)ethyl peroxide
True,True,False,NS00087327
True,True,False,2-Hydroxy-3-phenoxypropyl p-toluenesulphonate
True,False,True,"2-Propenoic acid, 2-methyl-, thiodi-2,1-ethanediyl ester"
True,True,True,Pyridoxamine dihydrochloride
True,False,False,"5,12-Dihydroxyicosa-6,8,10,14-tetraenoic acid"
True,False,False,"Beta,beta'-Dinaphthylamine"
True,True,False,"Hexa-1,5-diene-3,4-diol"
True,True,False,Propyl propionate
True,True,True,"5-Oxo-L-proline, compound with p-toluidine (1:1)"
True,True,True,"2-[2-(Quinolin-3-yl)pyridin-4-yl]-1h,4h,5h,6h,7h-pyrrolo[3,2-c]pyridin-4-one"
True,False,False,"7-Isopropyl-3,5-dimethyl-a-vinylbicyclo[2.2.2]oct-5-ene-2-methanol"
True,True,True,"1-(2,2-Dimethylpropanoyl)pyrrolidine-2-carboxylic acid"
True,True,True,5-(1-Acetamido-3-methylbutyl)-4-(methoxycarbonyl)oxolane-2-carboxylic acid
True,True,True,Methyl n-nonanoate
True,True,True,"2,5-Diisopropyl-3,4-xylenol"
True,True,True,Cilomilast
True,False,False,"Methyl N,S-diacetyl-L-cysteinate"
True,True,True,TP1/Diphenylphosphinous chloride
True,True,True,2-{2-[2-(2-Hydroxyethoxy)ethoxy]ethoxy}ethyl dodecanoate
True,True,True,"9,10-Anthracenediol, 1,4-diamino-"
True,True,True,Tungsten hexa(cyclononanolate)
True,True,True,2-(2-Ethoxybut-1-enyl)-3-methyl-5-phenylbenzoxazolium p-toluenesulphonate
True,True,False,N-(2-nitro-1-phenylpropyl)ethylenediamine
True,False,False,"Propanamide, 2-hydroxy-N-(2-hydroxyethyl)-"
True,True,True,4-Mercaptobutyric acid
True,False,False,"3-Hydroxy-3,5-dihydro ML-236C"
True,True,True,2-(Methylamino)naphthalenesulphonic acid
True,True,True,2-(4-Chlorophenyl)-3-oxovaleronitrile
True,False,True,2-Nitrobenzaldehyde
True,False,False,N-Acetyltranylcypromine
True,False,False,5-Bromouracil
True,True,True,L-alanine
True,False,True,"Hydrazinecarboximidamide, 2-(1-methylethylidene)-N-[(phenylamino)thioxomethyl]-"
True,False,False,Tripropyl phosphite
True,True,True,Hexadecenyl dihydrogen phosphate
True,False,False,Diisooctyl isophthalate
True,False,False,(±)-1-Methyl-5-oxopyrrolidine-2-acetic acid
True,True,True,4-Tert-Butylphenol
True,False,False,"(1S,3aS,3bR,5aR,6R,10aR,10bS,12aS)-1,10a,12a-Trimethyl-1,2,3,3a,3b,4,5,5a,6,7,10,10a,10b,11,12,12a-hexadecahydrocyclopenta[5,6]naphtho[1,2-f]indazole-1,6-diol"
True,True,True,NS00097728
True,False,False,Carpronium chloride
True,False,False,"Hydrazine, (2,5-dichlorophenyl)-"
True,False,False,N-(4-Fluorophenyl)-1-(2-phenylethyl)piperidin-4-amine
True,True,True,6-Methyl-3-propan-2-yloxan-2-one
True,True,False,D-Phenylalanyl-N-[(3-chlorophenyl)methyl]-L-prolinamide
True,True,True,"Acetamide, N-(2-hydroxy-1-naphthalenyl)-"
True,True,True,Trans-4-Hydroxy-1-(1-oxobutyl)-L-proline
True,True,False,"3,3'-(Ethylenedioxy)dipropiononitrile"
True,False,False,"Benzeneacetaldehyde, 4-methoxy-.alpha.-oxo-"
True,True,True,Di-tert-Butyl-4-hydroxymethyl phenol
True,True,True,"2,2-Dimethyl-3-oxopropyl isobutyrate"
True,True,True,C12-DATS
True,False,False,Omega-9 Hpaa
True,True,True,"2-Nonenoic acid, pentyl ester"
True,True,False,4-Phenyl-3-butyn-2-one
True,True,True,"4,7,7-Trimethylbicyclo[4.1.0]hept-3-en-2-one"
True,True,True,"4,4'-Butylidenebis(2,6-xylenol)"
True,True,True,Ethyl 2-chloro-2-hydroxyheptanoate
True,True,True,"4,8,12,15,19-Docosapentaenoic acid"
True,True,True,2-Acetylfluorene
True,True,True,2-Chloro-4-methylpyridine
True,False,False,"3-Phenylthiane,s,s-dioxide"
True,False,False,"Ethyl 3,3-diethoxyacrylate"
True,False,False,Cinnzeylanol
True,True,False,"1,3,5-Triazine-2,4(1H,3H)-dithione, 6-(dibutylamino)-"
True,False,True,"10,18-Bisnorabieta-8,11,13-triene"
True,True,False,"3,4-Epoxy-4-methylpentan-2-one"
True,True,False,"1H-Indole-3-carboxaldehyde, 1-methyl-2-phenyl-"
True,False,False,"4,5,6,7-Tetrahydro-2-imino-a-(p-mesylphenyl)benzothiazoline-3-ethanol"
True,False,False,2-(3-Pentenyl)pyridine
True,True,False,6-Hydroxyhexanoic acid
True,False,True,NS00050826
True,False,False,Homoquinolinic acid
True,True,False,Dinoprost
True,True,False,2-Hydroxyethyl chloroacetate
True,True,False,(S)-n-(3-indol-1-yl-2-methyl-propyl)-4-sulfamoyl-benzamide
True,False,False,Beta-Erythroidine
True,True,True,Promestriene
True,False,False,"Ethanol, 2-(cyclohexylamino)-"
True,True,False,"3-Methylpentane-1,2,5-triol"
True,True,True,Methyl palmitelaidate
True,False,False,"N-((1,1-Dimethylethoxy)carbonyl)-beta-alanine"
True,False,False,Allyl lactate
True,True,True,"4-Methyl-2-(1E)-1-penten-1-yl-1,3-dioxolane"
True,False,False,"Benzaldehyde, 4-(acetyloxy)-"
True,True,True,"2,2'-Dithiobis(4-tert-butylphenol)"
True,True,False,Triethylammonium dimethyldithiocarbamate
True,True,True,Indole-3-acetic acid ethyl ester
True,False,True,"Benzenamine, N-ethyl-N-methyl-"
True,False,False,P-propoxyphenyl trans-4-pentylcyclohexanecarboxylate
True,True,True,"Acetamide, N-(2,4-dimethyl-3-nitrophenyl)-"
True,True,True,Butacaine
True,True,False,Etienic acid
True,True,True,"Octanoic acid, pentyl ester"
True,False,True,"1,3-Dioxolane, 4,4'-[oxybis(methylene)]bis-"
True,False,True,"2-(1-Aminoethyl)furan-3,4-diyldimethanol"
True,True,False,(E)-12-(1-ethoxyethoxy)dodec-5-en-3-yne
True,False,False,"4-Fluoro-4'-nitro-1,1'-biphenyl"
True,True,False,"Carbamic acid, (5-(methylthio)-1H-benzimidazol-2-yl)-, methyl ester"
True,True,True,(3Z)-Hex-3-en-1-yl propanoate
True,True,True,Methyl 3-amino-4-methylthiophene-2-carboxylate
True,False,False,2-Methoxy-1-naphthoic acid
True,False,False,"2,6-Dihydro-9-methoxy-5,11-dimethyl-1H-pyrido(4,3-b)carbazol-1-one"
True,True,True,NS00014244
True,False,True,O-(trifluoromethyl)phenethylamine
True,False,False,3-Fluoroanisole
True,False,False,"TP1/Cyclohexaneacetic acid, ethyl ester"
True,True,False,Tramadol met 1 -234
True,True,True,Perfluoro-9-(trifluoromethyl)decanoic acid
True,False,False,"Methyl 2,2-dimethyl-4,6-dioxocyclohexanecarboxylate"
True,False,False,"Butanamide, N-[(acetylamino)carbonyl]-2-bromo-2-ethyl-"
True,False,False,"2,6-Dimethylbenzene-1,3,5-triamine hydrochloride"
True,True,False,Tris(2-hydroxypropyl)ammonium chloride
True,False,False,17ß-Hydroxy-2-(hydroxymethylene)-17-methylandrostan-3-one
True,False,False,N-Benzoyl-L-methionine
True,True,True,"4,4'-(1-Methyloctylidene)bisphenol"
True,True,False,TP1/1-Isobutoxypropan-2-ol
True,False,False,Chlorphentermine hydrochloride
True,True,True,Phenmedipham
True,False,False,Ethyl 3-oxocyclohexanecarboxylate
True,False,False,"(2E,6E,10Z)-12-Hydroxy-10-(hydroxymethyl)-6-methyl-2-(4-methyl-3-penten-1-yl)-2,6,10-dodecatrienoic acid"
True,False,False,"Benzenesulfonic acid, 3-amino-4-(tetradecyloxy)-"
True,True,True,"2-[5-(6-Methylpyridin-2-yl)-2,3-dihydro-1h-pyrazol-4-yl]-1,5-naphthyridine"
True,True,True,4-(Diphenylmethyl)pyridine
True,True,False,17ß-Hydroxy-2-(hydroxymethylene)androst-4-ene-3-one
True,False,False,Dodec-7-en-1-yl acetate
True,True,True,2-(1-Methylbutyl)phenol
True,True,True,N-pyridoxyl-2-methyl-l-glutamic acid-5'-monophosphate
True,True,False,"2-Butenoic acid, hexyl ester, (2Z)-"
True,False,False,Pyridine-2-carbaldehyde-2-pyridylhydrazone
True,False,False,"(4E)-8-Hydroxy-4-(1-hydroxy-2-propanylidene)-10-oxatricyclo[7.2.1.0~1,5~]dodecane-8-carboxylic acid"
True,False,False,1-Ethyl-3-methylpiperidine
True,True,True,"7-Tert-Butoxybicyclo(2.2.1)hepta-2,5-diene"
True,False,False,"1-[2,2,6,6-Tetramethyl-4-(3-methylbutoxy)-3-cyclohexen-1-yl]ethan-1-one"
True,True,True,"1-Naphthalenecarboxaldehyde, 2-ethoxy-"
True,False,False,5-Fluoro SDB-006
True,False,False,"2,3-Dihydro-1,4-benzodioxin-6-carbaldehyde"
True,False,False,"Pyridinium, 1-methyl-4-[(methylphenylhydrazono)methyl]-, methyl sulfate"
True,False,False,Dacarbazine
True,True,True,"1-Hexene, 3,4,5-trimethyl-"
True,True,True,"(Z)-3,7-dimethylocta-2,6-dienyl octanoate"
True,True,True,3-(2-Hydroxybenzoyl)propionic acid
True,False,True,Dnc003647
True,True,True,"4-Pyrimidinol, 2-amino-6-chloro-"
True,False,False,Vinyl nonan-1-oate
True,False,False,N-[1-(aminomethyl)cyclopropyl]-3-(morpholin-4-ylsulfonyl)-n~2~-[(1s)-2
True,True,True,Nipecotic acid
True,True,True,"2S,4r-4-Methylglutamate"
True,False,False,9-ß-D-ribofuranosyl-9H-purine
True,True,False,"3,6-Dihydro-4-methoxy-2H-pyran"
True,False,True,"2,6-Dimethyl-1H-pyrimidin-4-one"
True,True,True,"Octadecanoic acid, sodium salt (1:1)"
True,True,True,6N-419S
True,True,True,D-Proline methyl ester
True,False,False,"N-(4-chlorophenyl)-1,3,5-triazine-2,4-diamine monohydrochloride"
True,False,False,"2,2-Dimethylpropionic acid, decyl ester"
True,True,True,"Icosanoic acid, compound with 2,2',2''-nitrilotriethanol (1:1)"
True,True,True,[Bis[(3-phenylallyl)oxy]methyl]vinylbenzene
True,False,True,NS00103949
True,True,True,Ethyl N-acetyl-L-tryptophanate
True,False,False,"1,3-Benzenedicarbonitrile, 2-[[4-(diethylamino)-2-methylphenyl]azo]-5-nitro-"
True,True,False,Methyl 2-methyl-2-butenoate
True,True,False,"2,4-Dit-butyl-6-nitro-phenol"
True,False,False,Methyl threo-beta-hydroxy-4-nitro-3-phenyl-DL-alaninate
True,False,False,4-(3-Oxobutyl)phenyl 2-methylcrotonate
True,True,False,"3,4,5-Trihydroxy-6-[5-(1-methylpyrrolidin-2-yl)pyridin-2-yl]oxyoxane-2-carboxylic acid  (Nicotine met 15-354)"
True,True,True,"3-Cyclobutene-1,2-dione, 3-chloro-4-(4-morpholinyl)-"
True,True,True,"Octadeca-9,12,15-trienoic acid"
True,True,False,Trans-p-(4-heptylcyclohexyl)phenetole
True,False,True,Ametryn
True,True,True,"2,4,6-Triaminopyrimidine-5-carbonitrile"
True,False,False,NS00015045
True,True,False,"1,4-Benzenediamine, N-(4-aminophenyl)-N-phenyl-"
True,True,True,Bis[2-(2-hydroxymethylethoxy)methylethyl] phosphonate
True,True,True,Allyl hexanoate
True,True,True,Tris(2-butoxyethyl) phosphate (TBOEP)
True,True,True,"5-Amino-2-(5-hydroxy-1-methylpyrrolidin-2-yl)penta-2,4-dienal  (Nicotine met 9-196)"
True,False,False,2-Methylpentyl acrylate
True,False,False,Di-sec-butyl adipate
True,True,True,"6-Phenyl-1,3,5-triazine-2,4(1H,3H)-dione"
True,True,True,"(2E,4E)-(±)-11-methoxy-3,7,11-trimethyldodeca-2,4-dienoic acid"
True,False,True,NS00078815
True,True,True,Sulfamidochrysoidine
True,True,True,Decanal
True,True,False,"1H-Indole-2,7-dicarboxylic acid"
True,True,True,5-Methyl-2-undecyl-1H-imidazole-4-carbodithioic acid
True,False,False,"(2R,3S)-2-(2,4-difluorophenyl)-3-(5-fluoro-4-pyrimidinyl)-1-(1H-1,2,4-triazol-1-yl)-2-butanol (1R)-10-camphorsulfonate"
True,True,False,"1,1'-Methylenebis(2,4,5-trichlorobenzene)"
True,True,True,7-Quinolinol
True,True,True,"Butanenitrile, 4-[2,4-bis(1,1-dimethylpropyl)phenoxy]-"
True,True,False,"4-Methyl-4-phenyl-1,3-dioxane"
True,True,False,"N,N-diphenylacetamidine"
True,False,False,"4,4-Dimethoxybutanone"
True,False,False,"Pent-2-yne-1,4-diol"
True,False,True,"3,4-Furandicarboxylic acid, diethyl ester"
True,True,False,"N,N,N',N'-tetramethylglutaramide"
True,True,True,"2-Phenyl-1-{4-[2-(piperidin-1-yl)ethoxy]phenyl}-1,2,3,4-tetrahydroisoquinolin-6-ol"
True,False,False,3-(2-Hydroxyoctyl)oxiran-2-octanoic acid
True,True,False,NS00033863
True,True,True,1-Methylnonyl methacrylate
True,False,False,"L-Alanine, N-[(1,1-dimethylethoxy)carbonyl]-"
True,True,True,2-Acetylaminonaphthalene
True,False,True,Ethyl 2-oxopiperidine-3-carboxylate
True,True,True,"3,4-Dihydroxyphenylacetic acid"
True,True,True,Lometrexol
True,True,False,Ethylenebis[phenylphosphine]
True,True,False,3-Phenyl-5-pyrazolone
True,True,False,NS00041348
True,True,False,"Benzenesulfonic acid, 2-amino-5-methoxy-"
True,True,True,3-Cyclohexylpropyl valerate
True,False,True,"N-(3-Hydroxy-2,6-dimethylphenyl)-1-methylpiperidine-2-carboxamide"
True,False,False,Rosaprostol
True,False,False,"Cyclohexanamine, N-cyclohexyl-N-ethyl-"
True,True,True,Undec-1-en-3-ol
False,True,True,ß-Pilocarpine nitrate
False,True,True,"1-Phenyl-1H-pyrrole-2,5-dione"
False,True,True,N-(3-Hydroxyphenyl)benzenesulphonamide
False,True,False,4-(4-Chlorophenyl)-1H-imidazole
False,True,True,"(7Z,9E)-Dodeca-7,9-dienyl acetate"
False,True,True,2-Methylpropyl but-2-enoate
False,True,False,Decyl acetate
False,True,True,"(E,Z)-7,9-Dodecadienyl acetate"
False,True,True,"2,5-Bis(2-methylbutan-2-yl)benzene-1,4-diol"
False,True,True,5-Dodecanolide
False,True,True,"1,5-Dimethylbicyclo[3.2.1]oct-8-yl isobutyrate"
False,True,True,"2-({2-[(1,3-Dimethyl-1H-pyrazol-5-yl)amino]-2-oxoethyl}sulfanyl)acetic acid"
False,True,True,"1-(2-Carboxylatoethyl)-2-heptyl-4,5-dihydro-3-(2-hydroxyethyl)-1H-imidazolium"
False,True,True,"Benzeneacetic acid, 3,7-dimethyl-6-octen-1-yl ester"
False,True,False,NS00001786
False,True,True,Cyclohexaneacetic acid
False,True,True,N-Ethylsuccinimide
False,True,True,"2-Morpholinoethyl 2-(a,a,a-trifluoro-m-toluidino)nicotinate monohydrochloride"
False,True,True,Isoundecyl methacrylate
False,True,True,Cyclohexylmethyl cyclohexanecarboxylate
False,True,True,(E)-hept-2-enyl isovalerate
False,True,True,NS00090947
False,True,False,"2-Propen-1-amine, N,N-dimethyl-"
False,True,True,Isododecyl acrylate
False,True,True,"1,1-Diethoxyoct-2-yne"
False,True,True,"2-Hexen-1-ol, 1-acetate"
False,True,True,1-Butanethiol
False,True,True,"Hexanoic acid, (2E)-2-hexen-1-yl ester"
False,True,False,Carbamazepine-9-carboxaldehyde
False,True,False,"Benzaldehyde, 2-hydroxy-5-nonyl-"
False,True,True,Octyl 2-butenoate
False,True,True,"3-Amino-6-(hydroxymethyl)oxane-2,5-diol"
False,True,False,N-(2-chloroethyl)benzylamine hydrochloride
False,True,True,N-(4-bromo-2-fluorophenyl)acetamide
False,True,False,"2-{3,5-Dimethyl-4-[3-(3-methyl-1,2-oxazol-5-yl)propoxy]phenyl}-5-methyl-2h-1,2,3,4-tetrazole"
False,True,True,"1,2:7,8-Diepoxyoctane"
False,True,True,1-Ethyl-2-methylquinolinium iodide
False,True,True,9-Oxabicyclo[6.1.0]nonan-2-ol
False,True,True,Celiprolol
False,True,True,Febantel
False,True,True,Oxacyclopentadec-11-en-2-one
False,True,True,"Disodium 5-(acetylamino)-4-hydroxy-3-[[2-methyl-5-[(phenylamino)sulphonyl]phenyl]azo]naphthalene-2,7-disulphonate"
False,True,False,"6-(2-Dimethylaminopropyl)-6,11-dihydro-5H-pyrido[2,3-b][1,5]benzodiazepine-5-one hydrochloride"
False,True,True,"2-[2-[(4-Ethoxyphenyl)amino]vinyl]-1,3,3-trimethyl-3H-indolium chloride"
False,True,False,1-[3-(P-tert-butylbenzoyl)propyl]-4-(hydroxybenzhydryl)piperidinium chloride
False,True,True,"Octadecanamide, N-[3-(dimethyloxidoamino)propyl]-"
False,True,False,2-Fluoro-2'-deoxyadenosine
False,True,False,"1-(Pyren-1-yl)-1H-pyrrole-2,5-dione"
False,True,True,Ethyl 762
False,True,True,"(+)-(1Alpha,2beta,5beta)-2-(Isopropyl)-5-methylcyclohexyl acetate"
False,True,True,Isobutyl methacrylate
False,True,False,Difluoro(trifluoromethoxy)acetic acid--piperazine (1/1)
False,True,True,2-Mercaptoethyl decanoate
False,True,True,"1,1-Dimethyl-5-methyleneheptyl valerate"
False,True,True,4-Methoxyphenyl methacrylate
False,True,True,1L-chiro-inositol
False,True,True,(3Z)-3-Hexenyl acetate
False,True,True,"Diethyl 2,3-diethyl-2-butenedioate"
False,True,False,Pyruvamide
False,True,True,"(1S-(1alpha,2beta,5alpha))-5-(Isopropyl)-2-methylcyclohexyl acetate"
False,True,True,(-)-Xanthatin
False,True,False,"Cyclohexanol, 3-(1,1-dimethylethyl)-, 1-acetate"
False,True,True,NS00100388
False,True,False,2-(4-Tert-Butylphenoxy)cyclohexanol
False,True,True,"Naphth[2,1-d][1,2,3]oxadiazole-6-sulphonyl chloride"
False,True,True,Ethyl 1-methyl-3-(4-methyl-3-pentenyl)cyclohex-3-ene-1-carboxylate
False,True,True,(Z)-7-Hexadecenoic acid
False,True,True,Penoxsulam
False,True,True,"Octadeca-2,13-dienal"
False,True,True,(+)-Cannabidiol
False,True,True,"Butyl (2E,4Z)-2,4-decadienoate"
False,True,True,5-Fluoro-2-nitrophenol
False,True,True,Nonyl 3-mercaptopropionate
False,True,True,"Methyl 9-undecenoate, (9E)-"
False,True,True,9-(Acetamido)-5-aminobenzo[a]phenoxazin-7-ium chloride
False,True,True,Tripropylene glycol butyl ether
False,True,False,10-Phenyldecanoic acid
False,True,False,8-Hydroxytetradecan-7-one
False,True,True,"Vinyl 2,2,5,5-tetramethylhexanoate"
False,True,True,TP1/3-Nitrotoluene
False,True,True,4-Tert-Butylcyclohexyl phenylacetate
False,True,True,"Methyl 3,3-dimethylpent-4-enoate"
False,True,True,Calcium dimandelate
False,True,True,Hexestrol dibutyrate
False,True,True,"Benzeneacetic acid, (3S)-3,7-dimethyl-7-octen-1-yl ester"
False,True,True,Chlorbufam
False,True,True,3'5'-Anhydro thymidine
False,True,True,"3,7-Dimethyl-6-octenyl methacrylate"
False,True,True,Nepicastat
False,True,True,"1H-Indole-3-methanamine, N,N-dimethyl-"
False,True,False,Amyl nitrate
False,True,False,Allyl oct-2-enoate
False,True,False,"Dodecanedioic acid, dihydrazide"
False,True,True,Arnicolide D
False,True,True,4-Hydroxy-4-phenethylpiperidinium chloride
False,True,True,(Triethylammonium) maleate
False,True,False,Veratramine
False,True,True,"5-Oxo-L-proline, compound with 1-(1-benzylbutyl)pyrrolidine (1:1)"
False,True,False,2-Methylbutyl isovalerate
False,True,True,Tetrasodium [(propylimino)bis(methylene)]diphosphonate
False,True,True,Cis-hexahydro-3-methylenebenzofuran-2(3H)-one
False,True,True,"N,N'-bis(2-hydroxyethyl)terephthaldiamide"
False,True,True,"Abieta-7,13-dien-18-oic acid"
False,True,True,"2,2,3-Trimethylcyclopent-3-ene-1-ethanol"
False,True,True,1-Methyl-2-((2-methylbenzyl)oxy)-4-(propan-2-yl)-7-oxabicyclo[2.2.1]heptane
False,True,True,"5-Methoxy-7H-furo(3,2-g)(1)benzopyran-7-one"
False,True,True,"3,3-Dichlorodihydro-5-octylfuran-2(3H)-one"
False,True,True,Decyl valerate
False,True,False,2-[(3-Butyl-1-isoquinolyl)oxy]ethyl(dimethyl)ammonium chloride
False,True,True,(S)-a-amino-N-2-naphthyl-1H-imidazole-4-propionamide
False,True,False,"Zinc octahydro-4,7-methano-1H-indenedicarboxylate (1:1)"
False,True,True,3-(2-Hydroxy-ethyl)-5-methylsulfamoylmethyl-1H-indole-2-carboxylic acid methyl ester
False,True,True,"2,4(1H,3H)-Pyridinedione, 3,3-diethyl-5-(hydroxymethyl)-"
False,True,True,Isopropyl 2-chloroacetoacetate
False,True,True,Cyclohexyl acetate
False,True,True,Ondansetron
False,True,True,"2-(2,6-Dimethylhepta-1,5-dienyl)-5-methyl-5-propyl-1,3-dioxane"
False,True,True,R-Cathinone
False,True,True,"6-[5-Amino-2-[(1-ethylpyrrolidin-2-yl)methylcarbamoyl]-4-ethylsulfonylphenoxy]-3,4,5-trihydroxyoxane-2-carboxylic acid  (Amisulpride-met 27 -531)"
False,True,True,"4,7-Dihydro-2-isopropyl-1,3-dioxepin"
False,True,True,N-Methyl-D-aspartic acid
False,True,True,"1-Amino-N-butyl-9,10-dihydro-4-(methylamino)-9,10-dioxoanthracene-2-carboxamide"
False,True,True,Perfluoroheptane sulfonamide (FHpSA)
False,True,False,NS00011963
False,True,True,Tert-Butylanisole
False,True,True,NS00090552
False,True,True,NS00101140
False,True,True,"2-Propenoic acid, 2-methylbutyl ester"
False,True,True,"Octane-3,5-dione"
False,True,True,3-Pentanamine
False,True,True,"(2E)-3,7-dimethylocta-2,6-dien-1-yl 2-methylpropanoate"
False,True,True,N-DL-alanyl-DL-norvaline
False,True,True,Isoamyl salicylate
False,True,True,"9,11A-epoxy-17-hydroxypregn-4-ene-3,20-dione 17-acetate"
False,True,True,Methenamine
False,True,True,Hexyl cinnamate
False,True,False,STA-2DC
False,True,True,"Sodium 9,10-dihydro-1,5-dihydroxy-4,8-bis(methylamino)-9,10-dioxoanthracene-2-sulphonate"
False,True,True,Ethyl (Z)-4-decenoate
False,True,True,"Benzothiazole, 5,6-dimethoxy-2-methyl-"
False,True,True,"5,5-Dimethylhexane-2,4-dione"
False,True,False,Esculin
False,True,True,"2-Ethylhexyl dihydrogen phosphate, compound with 2,2'-iminodiethanol (1:2)"
False,True,True,"Phosphoric acid, monobutyl ester, potassium salt (1:1)"
False,True,True,NS00054567
False,True,True,"1H-Naphth[2,3-f]isoindole-1,5,10-trione, 4,11-diamino-2-(2-ethoxyethyl)-2,3-dihydro-3-imino-"
False,True,True,3-Hydroxynonadecanenitrile
False,True,True,Tricyclodecenyl acetate
False,True,True,"2,2,6,6-Tetramethyl- 4-piperidinol"
False,True,True,2-Ethylhex-2-enoic acid
False,True,True,"Tert-butyl [2-[(2,5-dioxo-1-pyrrolidinyl)oxy]-2-oxoethyl]carbamate"
False,True,True,N-hydroxy-4-[(4-methoxylphenyl)sulfonyl]-2
False,True,True,2-Propylpent-4-enoic acid
False,True,True,Ethyl 2-formamidothiazol-4-acetate
False,True,False,Indole-3-carboxylic acid
False,True,True,JWH-198
False,True,True,3-Isobutoxypropylamine
False,True,True,"2-Methyl-3-thioacetoxy-4,5-dihydrofuran"
False,True,False,Allyxycarb
False,True,True,"Ethanethiol, 2-(methylamino)-, hydrochloride"
False,True,True,Ammonium diethyl phosphate
False,True,True,Lysergic acid
False,True,False,"7-Iodo-1,2,3,4-tetrahydroisoquinoline"
False,True,True,"rel-(1R,2S)-2-Methylcyclohexanecarboxylic acid"
False,True,True,2-(2-(2-Hydroxyethoxy)ethoxy)ethyl benzoate
False,True,True,"2,4-Dibromo-1,3,5-trimethylbenzene"
False,True,False,"1-(4-Methoxy-2,3,6-trimethylphenyl)-3-methylpenta-1,4-dien-3-ol"
False,True,False,Hypoxanthine
False,True,True,2-(Diethylamino)ethyl 3-(p-methoxyphenyl)-2-phenylpropionate
False,True,True,Butyl 2-butenoate
False,True,True,"5-Alpha-Pregnan-3,20-Dione"
False,True,True,"2-(1,1-Dimethylethyl)cyclohexyl methacrylate"
False,True,False,TP_2807
False,True,False,Tubercidin
False,True,True,"3-(8,11-Pentadecadien-1-yl)-1,2-benzenediol (Urushiol III (C15:2))"
False,True,True,"1-(1,2-Dimethylpropyl)-1-methyl-2-nonylcyclopropane"
False,True,True,2-Hexyl-3-(2-oxopropyl)cyclopentan-1-one
False,True,False,Tert-butylxylenol
False,True,True,5-Ethoxysalicylic acid
False,True,True,3-Nitro-4-(2-oxo-pyrrolidin-1-yl)-benzenesulfonamide
False,True,True,(E)-hex-3-enyl acetate
False,True,True,A-(trifluoromethyl)benzylamine
False,True,True,4-Methoxypyridine
False,True,False,3-Hydroxy-DL-aspartic acid
False,True,False,"1,3-Decanedione, 1-phenyl-"
False,True,False,L-valine hydrochloride
False,True,True,N-Nitro-L-arginine
False,True,True,"TP1/Propanoic acid, 3-(dodecylthio)-, 2,2-bis[[3-(dodecylthio)-1-oxopropoxy]methyl]-1,3-propanediyl ester"
False,True,False,Sodium 7-(4-aminoanilino)-4-hydroxynaphthalene-2-sulphonate
False,True,True,NS00102293
False,True,True,"Acetonitrile, (diethylamino)-"
False,True,True,"4-Methylene-2-propyl-1,3-dioxane"
False,True,True,"2,4-Heptanedione, 6-methyl-"
False,True,True,"2-Butenoic acid, 2-methyl-, 1-methylethyl ester, (2E)-"
False,True,True,"2-((3,3,5-Trimethylcyclohexyl)acetyl)cyclopentan-1-one."
False,True,True,(-)-Acorenone
False,True,True,3-Heptyldihydro-5-methylfuran-2(3H)-one
False,True,True,"5-(1,5-Dimethylhexyl)dihydrofuran-2(3H)-one"
False,True,True,"Azelaic acid, potassium salt"
False,True,True,"Cyclopropanecarboxylic acid, 2-ethylhexyl ester"
False,True,False,2-Aminopropan-1-ol hydrochloride
False,True,False,Cyclooctylmethylamine
False,True,False,NS00096962
False,True,False,"M-toluic acid, 2-ethylhexyl ester"
False,True,False,"2-Heptyl-4,5-dihydro-1H-imidazol-1-ethanol monohydrochloride"
False,True,True,Etomidate
False,True,True,Butyl oct-2-enoate
False,True,True,"1,5-Dimethyl-1-(2-methylallyl)hex-4-enyl acetate"
False,True,True,NS00068822
False,True,True,"(1A,2a,5a)-2-methyl-5-(1-methylethyl)bicyclo[3.1.0]hexan-2-ol"
False,True,True,Cyclopropanecarbohydrazide
False,True,False,"4,7,7-Trimethyl(2-oxabicyclo[2.2.1]hept-1-yl)carboxylic acid"
False,True,True,Allyl valerate
False,True,True,"3,5-Di-tert-butyl-4-hydroxybenzaldehyde"
False,True,True,NS00063165
False,True,True,"Dodecahydro-1,1-dimethyl-1H-naphtho[1,2-c]pyran"
False,True,False,"Benzoic acid, 2-hydroxy-5-methyl-, ethyl ester"
False,True,True,"12-Tridecynoic acid, methyl ester"
False,True,True,2-Bromononan-1-oic acid
False,True,True,2-Hydroxy-3-methylbenzoic acid
False,True,False,Dropropizine
False,True,False,1-(2-Ethylcrotonoyl)urea
False,True,True,"9-Octadecen-1-ol, dihydrogen phosphate"
False,True,False,2-Phenoxyethyl butyrate
False,True,True,Chloroprednisone 21-acetate
False,True,True,"1-Decanol, 10-chloro-"
False,True,True,2-Methylphloroglucinol
False,True,True,"Benzoic acid, 2-methoxy-"
False,True,False,Hysterin
False,True,True,Allyl trimethylhexanoate
False,True,False,3-Phenylsalicylic acid
False,True,False,"1-(2,4-Bis(isopropyl)phenyl)butane-1,3-dione"
False,True,True,"Disodium 7-[[2,6-dihydroxy-3-[[4-[(4-sulphonatophenyl)azo]phenyl]azo]phenyl]azo]-4-hydroxynaphthalene-2-sulphonate"
False,True,False,2-Phenylethyl 2-ethylhexanoate
False,True,True,Tris(tetramethylammonium) 5-hydroxy-1-(4-sulphonatophenyl)-4-(4-sulphonatophenylazo)pyrazole-3-carboxylate
False,True,True,Potassium icosanoate
False,True,True,"1-(Carboxylatomethyl)-2-heptyl-4,5-dihydro-1-(2-hydroxyethyl)-1H-imidazolium"
False,True,True,"S-Trithiane, 1,1,3,3,5,5-hexoxide"
False,True,True,2-Methylheptyl methacrylate
False,True,True,4-Methoxy-2-methylaniline
False,True,True,"[[(Acetoxy)methyl]octahydro-4,7-methano-1H-indenyl]methyl acrylate"
False,True,True,4-Benzyloxybenzoic acid
False,True,True,"Butanoic acid, 1-methylethyl ester"
False,True,False,"1,8-Diazabicyclo[5.4.0]undec-7-ene"
False,True,True,"[2-(4-Nonylphenoxy)ethyl] hydrogen phosphonate, compound with guanidine (1:1)"
False,True,True,"2,4-Dimethylpenta-2,3-diene"
False,True,True,"Phosphonic acid, (hydroxymethyl)-, diethyl ester"
False,True,True,Trans-Hex-2-enyl acetate
False,True,True,Seliciclib
False,True,True,2-Butyloctyl acrylate
False,True,False,"Acetic acid, nitro-, ethyl ester"
False,True,True,Ethyl a-propylcyclopentaneacetate
False,True,True,"2,6-Dimethylocta-5,7-dien-2-yl acetate"
False,True,True,A-p-tolylbenzyl alcohol
False,True,True,(E)-4-ethylhex-2-enoic acid
False,True,True,"8Z-Decene-4,6-diynoic acid"
False,True,True,"N,N'-Dibutylthiourea"
False,True,True,17ß-Hydroxyestr-4-en-3-one 17-[3-[4-(hexyloxy)phenyl]propionate]
False,True,False,"TP3/Sodium 1,4-dinonyl sulfosuccinate"
False,True,True,"Benzenesulfonic acid, 4-amino-2-nitro-"
False,True,True,Bis[(tetrahydrofuran-2-yl)methyl] phthalate
False,True,True,8-Cyclohexadecen-1-one
False,True,True,"Pyrimidine, 2-amino-4-methyl-"
False,True,True,2-Methylallyl isobutyrate
False,True,True,2-(2-(Allyloxy)ethoxy)ethanol
False,True,False,"2-Amino-4,6-dinitrophenol"
False,True,True,Ethyl 7-bromoheptanoate
False,True,True,N-Octylbenzenesulphonamide
False,True,True,[(3Z)-3-Hexen-1-yloxy]acetaldehyde
False,True,False,"1H-Pyrrole-2,5-dione, 1-(3-fluoranthenyl)-"
False,True,True,3-Octenoic acid
False,True,True,Sodium 9-(sulphooxy)octadecanoate
False,True,True,"11Beta,17,21-Trihydroxypregna-1,4-diene-3,20-dione 21-valerate"
False,True,True,"Tetrasodium N,N-bis(carboxylatomethyl)-L-glutamate"
False,True,False,DL-β-Leucine
False,True,True,Isopropylhydrazine sulphate
False,True,True,Ethyl 3-(cyanomethyl)-benzoate
False,True,False,1-[4-(Trifluoromethyl)phenyl]piperazine
False,True,False,5-Chloromethyl-2-iminooxazoline
False,True,True,Dihydrocitrinone
False,True,True,Metominostrobin
False,True,True,"N-Butylbenzene-1,4-diamine"
False,True,False,Nonyl benzoate
False,True,True,"2,3,6A,8,9,9a-hexahydro-9a-hydroxy-4-methoxycyclopenta[c]furo[3',2':4,5]furo[2,3-h][1]benzopyran-1,11-dione"
False,True,True,4-Methyl-2-propylhex-2-enyl acetate
False,True,True,Ethyl 4-methylnon-3-enoate
False,True,True,Octadecenylammonium acetate
False,True,True,Deoxycholic acid
False,True,True,2-(Isooctylphenoxy)ethanol
False,True,True,Propyl 2-methylcrotonate
False,True,False,2-Morpholinoethyl acrylate
False,True,True,2-Methylbutyl decanoate
False,True,True,2-(Phenylmethylene)heptyl formate
False,True,True,Vinyl neodecanoate
False,True,True,1-Pentylallyl butyrate
False,True,True,(E)-3-methylpent-3-en-1-yl acetate
False,True,True,"Benzoic acid, compound with 2,2'-iminobisethanol (1:1)"
False,True,True,Detomidine
False,True,True,1-(3-Methyl-2-furyl)propan-1-one
False,True,True,"Cyamemazine, (R)-"
False,True,True,"4-Cyano-2,5-dimethoxybenzenediazonium tetrachlorozincate (2:1)"
False,True,True,(E)-oct-2-enyl butyrate
False,True,True,[(4-Cyclohexylphenoxy)methyl]oxirane
False,True,True,Octyl methacrylate
False,True,False,"Cyclohexane, 1,2,4,5-tetraethyl-, (1.alpha.,2.alpha.,4.alpha.,5.alpha.)-"
False,True,True,Protopine
False,True,True,"Benzenemethanamine, 3-methoxy- (9CI)"
False,True,True,Gamma-Dodecalactone
False,True,True,"1-(2,4,6-Trihydroxyphenyl)-9-phenylnonan-1-one"
False,True,True,"1-Benzyl-3-carboxylatopyridinium, compound with (carboxylatomethyl)trimethylammonium (1:1)"
False,True,True,Piperidolate
False,True,True,Nicoform
False,True,True,"Butane, 1,1'-sulfinylbis-"
False,True,True,"2-Propenoic acid, 3-phenyl-, pentyl ester"
False,True,True,2-Decenyl acetate
False,True,False,3-Methylbutanal
False,True,True,Diethylammonium dihydrogen phosphate
False,True,True,Decylthioacetic acid
False,True,True,Pralidoxime iodide
False,True,True,"Ethyl 2,3-dimethyl-3-butenoate"
False,True,True,Ginkgolide-m
False,True,True,Olmesartan
False,True,True,"Disodium 5-amino-9,10-dihydro-6-methyl-8-[(4-methylsulphonatophenyl)amino]-9,10-dioxoanthracenesulphonate"
False,True,True,Diammonium 2-ethylhexyl phosphate
False,True,True,"7-Hydroxy-2',3',5',6'-tetramethylspiro[acridine-9(2H),1'-[2,5]cyclohexadiene]-2,4'-dione"
False,True,True,"Aspidospermidine-3-carboxylic acid, 2,3-didehydro-20-oxo-, methyl ester"
False,True,True,NS00069865
False,True,True,Allyl isovalerate
False,True,False,"Ethanesulfonic acid, 2-[methyl(1-oxotetradecyl)amino]-"
False,True,True,2-(2-Butoxyethoxy)ethyl methacrylate
False,True,True,2-Methoxy-5-nitrophenol
False,True,True,Dodecyldimethylphosphine oxide
False,True,True,N-Methyltaurine
False,True,False,Zardaverine
False,True,True,(E)-hex-3-enyl hexanoate
False,True,True,Procaine borate
False,True,False,"4,5-Dihydro-2-isoheptadecyl-1H-imidazole-1-ethylamine"
False,True,True,TP_4124
False,True,False,"Decyl dihydrogen phosphate, compound with morpholine (1:2)"
False,True,True,"(S)-3,7,11-trimethyldodeca-1,6,10-trien-3-yl formate"
False,True,False,ADBICA
False,True,True,"2-Propenoic acid, 3-(4-aminophenyl)-, ethyl ester"
False,True,True,Butyl methacrylate
False,True,True,Isoscopoletin
False,True,True,"17-Hydroxy-3-methoxyestra-2,5(10)-diene-17-carbonitrile"
False,True,False,"10-Undecenamide, N-(2-hydroxyethyl)-"
False,True,False,"Dipotassium 4,4'-bis[(4-methoxyphenyl)azo]stilbene-2,2'-disulphonate"
False,True,True,"Dioctyl hydrogen phosphate, compound with (Z)-1-[3-(octadec-9-enylamino)propyl]-1H-pyrrole-2,5-dione (1:1)"
False,True,True,"2,6-Dimethyl-3-[(2-methyl-3-furyl)thio]heptan-4-one"
False,True,False,4-Carboxybutylammonium chloride
False,True,True,"N,N-diethyl-3'-phenyl-2,2'-spirobi[2H-1-benzopyran]-7-amine"
False,True,True,Methyl 10-undecenoate
False,True,True,NS00103967
False,True,False,Sodium (R)-[(3-ethoxy-1-methyl-3-oxoprop-1-enyl)amino]phenylacetate
False,True,True,2-(Dimethylamino)ethyl 2-(4-chlorophenoxy)-2-methylpropionate hydrochloride
False,True,True,"1,2,3,4-Tetrahydro-4-methylnaphthalen-1-one"
False,True,True,2-Tert-Butyl-6-methylphenol
False,True,True,Ethyl 3-phenyl-N-[1-[(phenylmethoxy)carbonyl]-L-prolyl]-L-alaninate
False,True,True,Allyl nonanoate
False,True,False,"3A,4,5,6,7,7a-hexahydrodimethyl-4,7-methano-1H-indene"
False,True,False,3-(4-Bromobenzoyl)propionic acid
False,True,True,NS00056222
False,True,True,"2-Cyclohexene-1-carboxylic acid, 2-methyl-4-oxo-6-pentyl-, ethyl ester"
False,True,True,3-Methylpent-3-en-1-yl acetate
False,True,True,3-(2-Furyl)propyl acrylate
False,True,True,"Propanenitrile, 3-[(2-hydroxypropyl)amino"
False,True,True,Butilfenin
False,True,True,3-Heptyltetrahydro-2H-pyran-2-one
False,True,True,"Undecenoic acid, heptylester"
False,True,True,"Benzene, 1,4-bis(1,1-dimethylethyl)-2,5-dimethoxy-"
False,True,True,.Alpha.-Naphthyl butyrate
False,True,True,(E)-oct-3-enoic acid
False,True,True,"(3AR,4S,6R,7R,7aS)-3-Methyl-5-methylidene-3a,4,5,6,7,7a-hexahydro-1H-4,7-methanoinden-6-yl acetate"
False,True,True,Cyclohexyldimethylammonium dibutyldithiocarbamate
False,True,True,N-Acetylsphingosine
False,True,True,"1,4-Bis(4-chlorobenzoyl)benzene"
False,True,False,[2-(Dimethoxymethyl)-1-heptenyl]benzene
False,True,True,7-Hexyloxepan-2-one
False,True,True,"Dodecanoic acid, 3-hydroxy-2,2-bis(hydroxymethyl)propyl ester"
False,True,False,(E)-3-[6-(p-toluoyl)-2-pyridyl]acrylic acid
False,True,True,Phenylacetaldehyde diisobutyl acetal
False,True,True,"2-Propenoic acid, pentyl ester"
False,False,True,"7-Cyclopentyl-3,4-dihydro-4-isopropyl-2,2-dimethyl-2H-1-benzopyran-4-ol"
False,False,True,1-Hydroxyisoquinoline
False,False,True,4-Nitrohippuric acid
False,False,True,"{[3,4-Dihydroxy-5-(5-methyl-1h-1,3-benzodiazol-1-yl)oxolan-2-yl]methoxy}phosphonic acid"
False,False,True,2-[[(2-Amino-5-chlorophenyl)phenylmethylene]amino]ethanol
False,False,True,"3,4-Dichloro-N-[(1R,2R)-2-(diethylamino)cyclohexyl]-N-methylbenzamide"
False,False,True,"Ethyl hydrogen sulphate, gadolinium(3+) salt"
False,False,True,Chlorcyclizine
False,False,True,Entacapone
False,False,True,APP-CHMINACA
False,False,True,2-Amino-4-phenylbutyrate ethyl hydrochloride
False,False,True,"Acetic acid, mercapto-, butyl ester"
False,False,True,NS00013017
False,False,True,"2[2-Hydroxy-2-(2-furyl)ethyl]-3,5,6-trimethylpyrazine"
False,False,True,"Benzoic acid, compound with cyclohexylamine (1:1)"
False,False,True,"3-Cyclohexene-1-carboxylic acid, ethyl ester"
False,False,True,"2-(Hydroxyimino)-6-(hydroxymethyl)piperidine-3,4,5-triol"
False,False,True,"Ammonium 2,2,3,3,4,4,5,5-octafluorovalerate"
False,False,True,Quinupramine
False,False,True,Hexahydro-3-(3-methoxyphenyl)-1-methyl-2H-azepin-2-one
False,False,True,Tert-Butyl 5-oxo-L-prolinate
False,False,True,Thiofanox-sulfone
False,False,True,"10-Undecenoic acid, 2-phenylethyl ester"
False,False,True,N-(4-Amino-2-chloro-5-phenoxyphenyl)acetamide
False,False,True,"4-(2,5-Dihydro-2,5-dioxo-1H-pyrrol-1-yl)benzoic acid"
False,False,True,"2,3,3-Trifluoroacrylic acid"
False,False,True,"3-Chlorobutane-1,2-diol"
False,False,True,2-Acetylthioethyltrimethylammonium iodide
False,False,True,"4H-Pyran-2-carboxylic acid, 5,6-dihydro-6,6-dimethyl-4-oxo-"
False,False,True,"1,6,8,12-Tetradecatetraen-5-one, 9,13-dimethyl-"
False,False,True,"(Z)-7,7-diethoxyhept-3-ene"
False,False,True,TP3/2-(2-Aminoethoxy)ethanol
False,False,True,"Decanedioic acid, bis(phenylmethyl) ester"
False,False,True,Hexyl isooctyl phthalate
False,False,True,"N,N'-difurfurylidenehexane-1,6-diamine"
False,False,True,Sarin
False,False,True,NOA409045
False,False,True,TP2/N-Benzylethanolamine
False,False,True,1-[(4-Aminophenyl)amino]propan-2-ol
False,False,True,Spiroxamine-desethyl-acid
False,False,True,DL-Phenylalanine methyl ester hydrochloride
False,False,True,"3-Formyl-2,2-dimethylthiazolidine-4-carboxylic acid"
False,False,True,"3,4-Dihydro-4-isopropyl-2,2-dimethyl-7-octyl-2H-1-benzopyran-6-ol"
False,False,True,"2-Hydroxy-1,2-di-2-pyridylethanone"
False,False,True,Methyl [2-(4-nonylphenoxy)ethoxy]acetate
False,False,True,1-[N-[N-(2-aminobenzoyl)glycyl]-4-nitro-L-phenylalanyl]-L-proline
False,False,True,"1-(2-Hydroxy-2-phenylethyl)pyrrolidine-2,5-dione"
False,False,True,5-Fluoro CUMYL-PICA
False,False,True,"Octahydrodimethyl-2,5-methano-2H-indeno[1,2-b]oxirene"
False,False,True,"[S-(R*,S*)]-a-[2-(dimethylamino)-1-methylethyl]-a-phenylphenethyl acetate"
False,False,True,"7-(2-Chloropropyl)-3,7-dihydro-1,3-dimethyl-1H-purine-2,6-dione"
False,False,True,Ethyl 2-acetyl-2-allylpent-4-ene-1-oate
False,False,True,"3,4-Dihydro-2H-pyrrole-2-carboxylic acid"
False,False,True,3-(Indol-3-YL) lactate
False,False,True,Atreleuton
False,False,True,3-Methyl-4-(methylthio)phenyl methylcarbamate
False,False,True,"2,5-Diaminobenzyl alcohol"
False,False,True,Fenmetramide
False,False,True,Methyl D-alaninate hydrochloride
False,False,True,"1,3-Propanediamine, N-propyl-"
False,False,True,NSC 288669
False,False,True,Allenolic acid
False,False,True,Propionaldehyde phenylhydrazone
False,False,True,"1,2-Benzenedicarboxylic acid, hexyl octyl ester"
False,False,True,"Pyrazine, 3-butyl-2,5-dimethyl-"
False,False,True,Tert-Hexadecyl mercaptan
False,False,True,1-(Tert-Butyl)-2-methylnaphthalene
False,False,True,Inecalcitol
False,False,True,6-Methylbenzo[def]chrysene
False,False,True,4-Aminobenzamidine
False,False,True,"2-Propenoic acid, 2-methyl-, 3-(dimethylamino)propyl ester"
False,False,True,Testosterone enanthate
False,False,True,"2-Chloro-N,N-dimethylpropionamide"
False,False,True,NS00103955
False,False,True,"5-[(1-Ethylnaphtho[1,2-d]thiazol-2(1H)-ylidene)ethylidene]-3-heptyl-1-phenyl-2-thioxoimidazolidin-4-one"
False,False,True,Bis(2-hydroxyethyl) phthalate
False,False,True,2-Hydroxy-2-methyl-7-phenylpentadecan-3-one
False,False,True,4-(4-Aminophenoxy)-N-methylpyridine-2-carboxamide
False,False,True,"8-Ethoxy-2,6-dimethyloct-2-ene"
False,False,True,Vernolate
False,False,True,4-Oxoproline
False,False,True,2-Ethoxy-1-naphthoic acid
False,False,True,TP4/Tetraethylene glycol di(2-ethylhexanoate)
False,False,True,Sodium p-[(4-amino-5-methoxy-o-tolyl)azo]benzenesulphonate
False,False,True,Thio-Atpa
False,False,True,"4-Methyl-2-propyl-1,3-dioxolane"
False,False,True,"3-Bromo-5-(1,1,1,2,3,3,3-heptafluoropropan-2-yl)pyridine"
False,False,True,6-Methoxy-2-methylbenzoxazole
False,False,True,NS00046775
False,False,True,Trans-4-(4-propylcyclohexyl)phenyl butyrate
False,False,True,5-{[(4-Nitrophenyl)methyl](phosphonomethyl)amino}pentanoic acid
False,False,True,"Benzenesulfonamide, 5-amino-N-(2-hydroxyethyl)-2,3-dimethyl-"
False,False,True,Piperiacetildenafil
False,False,True,Sodium 3-[(ethylanilino)methyl]benzenesulphonate
False,False,True,Phenallymal
False,False,True,"5-Alpha-Pregnane-3,20-dione"
False,False,True,5-Methylisophthalic acid
False,False,True,Benzoyl-beta-D-glucoside
False,False,True,5-Amino-o-xylene-3-sulphonic acid
False,False,True,Etiracetam
False,False,True,"Thiazole, 2-ethyl-4,5-dimethyl-"
False,False,True,"5-Oxo-L-proline, compound with quinolin-8-ol (1:1)"
False,False,True,"1,3-Dioxolane, 2,4-dimethyl-2-(5,6,7,8-tetrahydro-5,5,8,8-tetramethyl-2-naphthalenyl)-"
False,False,True,"Benzenepropanoic acid, 3-(1,1-dimethylethyl)-4-hydroxy-5-methyl-, methyl ester"
False,False,True,"Sarin, (+)-"
False,False,True,"1,1-Diethoxyundec-2-yne"
False,False,True,"1-Octen-3-ol, 3-methyl-, 3-acetate"
False,False,True,"Ethyl cis-2-(2,2-dichlorovinyl)-3,3-dimethylcyclopropanecarboxylate"
False,False,True,8-Cyclopentadecen-1-one
False,False,True,Pentyl 2-methylisocrotonate
False,False,True,N-(4-nitrophenyl)-ß-alanine
False,False,True,Pramipexole dihydrochloride monohydrate
False,False,True,Methyl a-cyclohexylmandelate
False,False,True,Tributylmethylammonium chloride
False,False,True,Calcium N-(hydroxymethyl)-DL-methionate (1:2)
False,False,True,"Endo-(±)-1,7,7-trimethylbicyclo[2.2.1]hept-2-yl isobutyrate"
False,False,True,"Benzonitrile, 2,6-dimethoxy-"
False,False,True,2-{[1-Cyano-2-(dimethylamino)vinyl]sulfonyl}-3-(dimethylamino)acrylonitrile
False,False,True,"N-[4-(3-Chloro-4-methylphenyl)-5-methyl-1,3-thiazol-2-yl]-1-phenyl-5-propyl-1H-pyrazole-4-carboxamide"
False,False,True,"2,5-Hexanedione"
False,False,True,Cryptotanshinone
False,False,True,M-phenylene di(acetate)
False,False,True,"4-({2-Phenyl-7h-pyrrolo[2,3-d]pyrimidin-4-yl}amino)cyclohexan-1-ol"
False,False,True,Methyl (hydroxymethyl)octadecanoate
False,False,True,Eugenol isovalerate
False,False,True,P-formylbenzenesulphonic acid
False,False,True,N'-{[3-(aminomethyl)phenyl]methyl}ethanimidamide
False,False,True,4-Hydroxytrimethoprim
False,False,True,N-(1-Isopropyl-2-methylpropyl)diisobutylamine
False,False,True,NS00024928
False,False,True,Endo-(±)-8-aza-8-isopropylbicyclo[3.2.1]oct-3-yl (hydroxymethyl)phenylacetate
False,False,True,"1,4-Benzenediamine, 2-chloro-N1,N1-diethyl-"
False,False,True,"Methyl trans-(±)-3-(dimethoxymethyl)-2,2-dimethylcyclopropanecarboxylate"
False,False,True,Disodium 5-hydroxy-6-[(4-sulphonatonaphthyl)azo]naphthalenesulphonate
False,False,True,Benzyl alcohol
False,False,True,"Pyridine, 4-[(4-nitrophenyl)methyl]-"
False,False,True,"3,4-Dihydroxy-n'-[(2-methoxynaphthalen-1-yl)methylidene]benzohydrazide"
False,False,True,"1-(2-Carboxylatoethyl)-2-hexyl-4,5-dihydro-3-(2-hydroxyethyl)-1H-imidazolium"
False,False,True,"3-{2-[4-(6-Fluoro-1,2-benzoxazol-3-yl)piperidin-1-yl]ethyl}-2-methyl-4-oxo-6,7,8,9-tetrahydro-4H-pyrido[1,2-a]pyrimidin-9-yl hexadecanoate"
False,False,True,"Benzamide, N-(4-amino-5-chloro-2-methoxyphenyl)-"
False,False,True,"Phosphonic acid, p-aminobenzyl-, diethyl ester"
False,False,True,Trans-3-chlorodihydro-3-methyl-5-phenylfuran-2(3H)-one
False,False,True,Bis[(4-hydroxy-m-tolyl)(methyl)ammonium] sulphate
False,False,True,Ammonium 7-hydroxynaphthalenesulphonate
False,False,True,3-Pyridin-4-yl-2
False,False,True,NS00068688
False,False,True,"Methyl 2-[(7-hydroxy-3,7-dimethyloctyl)amino]benzoate"
False,False,True,"2,3-Dihydroxypropyl 12-hydroxy-9-octadecenoate"
False,False,True,Metepa
False,False,True,5-Methyl 4-fluoroglutamate
False,False,True,Alovudine
False,False,True,Sodium 3-[(4-amino-2-methoxyphenyl)azo]-4-hydroxybenzenesulphonate
False,False,True,Sodium 1-[(hydroxymethoxy)methoxy]cyclohexanesulphonate
False,False,True,"2,3,6-Trimethoxybenzaldehyde"
False,False,True,"Benzamide, 2-amino-5-(4-aminophenoxy)-"
False,False,True,Indole-3-lactic acid
False,False,True,"Methyl 3-oxo-7-phenyl-2,4,10-trioxa-7-azaundecan-11-oate"
False,False,True,1-(2-Hydroxyphenyl)-5-oxopyrrolidine-3-carboxylic acid
False,False,True,Tryptamine
False,False,True,"Benzoic acid, 4-butyl-, 4'-propyl[1,1'-biphenyl]-4-yl ester"
False,False,True,Diisopropylnitrosamine
False,False,True,4-[3-(4-Acetyl-3-hydroxy-2-propylphenoxy)propoxy]phenoxy-acetic acid
False,False,True,Micillinam
False,False,True,"Diethyl 4-hydroxy-5-oxocyclopent-3-ene-1,3-dicarboxylate"
False,False,True,"1H-Benz[de]isoquinoline-1,3(2H)-dione, 6,7-dimethoxy-2-(phenylmethyl)-"
False,False,True,2-Amino-3-mercapto-3-methylbutyric acid
False,False,True,4-Cyclopentyl-2-methylcyclohexyl acetate
False,False,True,TP1/Malic acid
False,False,True,"6-(2,2,3-Trimethylcyclopent-3-en-1-yl)hex-5-en-3-one"
False,False,True,Acetylfentanyl
False,False,True,Flurenol
False,False,True,"5H-Cyclopenta[h]quinazoline, 6,7,8,9-tetrahydro-7,7,8,9,9-pentamethyl-"
False,False,True,Methyl 3-chloro-4-hydroxyphenylacetate
False,False,True,"3-[2-(2-Amino-4,5-dimethoxyphenyl)diazenyl]-4-methoxybenzenesulfonic acid"
False,False,True,NS00021272
False,False,True,"9-Octadecenoic acid, 12-hydroxy-, ethyl ester, (9Z,12R)-"
False,False,True,"Propanenitrile, 3-(2-methoxyethoxy)-"
False,False,True,2-(3-Oxazolidinyl)ethyl methacrylate
False,False,True,"1H-Isoindole-1,3(2H)-dione, 2-[2-(ethylphenylamino)ethyl]-"
False,False,True,"2,2-Bis(4-hydroxyphenyl)-3-methyl-n-butane"
False,False,True,4-(3-Oxobutyl)phenyl valerate
False,False,True,SSR161421
False,False,True,3-Hydroxy-7-methylguanine
False,False,True,5-Phenyl-2-(prop-2-ynylamino)-4-oxazolone
False,False,True,Ethofumesate-2-keto
False,False,True,"2,3,4,9-Tetrahydro-1H-pyrido[3,4-b]indole-1-butanol"
False,False,True,2-Pentenenitrile
False,False,True,Crotonoside
False,False,True,N-(cyclohexylthio)-N-phenylformamide
False,False,True,Potassium 3-hydroxy-4-methoxybenzenesulphonate
False,False,True,"4-(1,2-Diphenyl-1-buten-1-yl)phenol"
False,False,True,3-(Propylsulphinyl)-L-alanine
False,False,True,Florfenicol
False,False,True,Methyl 2-(4-acetamidophenoxy)myristate
False,False,True,Salcomine
False,False,True,2-Tert-Butylpyrazine
False,False,True,N-(3-Hydroxypropyl)phthalimide
False,False,True,Benzyl-p-cresol
False,False,True,TP1/Isoamyl salicylate
False,False,True,"6'-(Diethylamino)-2'-(octylamino)spiro[isobenzofuran-1(3H),9'-[9H]xanthene]-3-one"
False,False,True,4-Methyl-4-phenylpentan-2-ol
False,False,True,Ecgonine
False,False,True,5-Methylisoxazole-3-carboxylic acid
False,False,True,"1-Hydroxy-2,2,5,5-tetramethylpyrrolidinium chloride"
False,False,True,TP3/Disperse Red 82
False,False,True,Teuflidin
False,False,True,Vinyl benzoate
False,False,True,7-[(2-Cyanoethyl)ethylamino]-3-(ethylmethylamino)-2-methylphenoxazin-5-ium acetate
False,False,True,"9,10-Dimethylanthracene"
False,False,True,Fluspirilene
False,False,True,Metaterol
False,False,True,"(3AS,6aR)-1,3-dibenzyltetrahydro-1H-furo(3,4-d)imidazole-2,4-dione"
False,False,True,1-Methyl-3-octylimidazolium hexafluorophosphate
False,False,True,(5-Hydroxy-4-(hydroxymethyl)-6-methyl-3-pyridyl)methyl nicotinate
False,False,True,Levetiracetam
False,False,True,"2-Propanone, 1-phenoxy-"
False,False,True,Ammonium hydrogen 2-sulphinatobenzoate
False,False,True,"Acetamide, N-[3-(ethylamino)-4-methylphenyl]-"
False,False,True,Butyl isodecyl phthalate
False,False,True,"3-Ethoxypropane-1,2-diol"
False,False,True,Esatenolol
False,False,True,(E)-2-methoxy-4-(1-propenyl)phenyl isovalerate
False,False,True,"6-Hydroxy-3,4-dihydro-2(1H)-quinolinone"
False,False,True,"(3aS,7aR,10R,11aS,11bS)-Decahydro-10-hydroxy-7a-methyl-3-methylene-2H-furo[3′,2′:7,8]cycloocta[1,2-b]pyran-2,6(7H)-dione"
False,False,True,"2-(3A,4,5,6,7,7a-Hexahydro-1H-4,7-methanoinden-8-yloxy)ethyl prop-2-enoate"
False,False,True,Thenalidine tartrate
